,0,1,2,3,4,5,6,7,8,klasa
0,-1.1283749150097182,-2.366789181828106,4.558299624366239,-2.85764099097467,-5.056359299204772,-2.85764099097467,0.6400818548833358,4.029135134038813,-0.2848091921042748,4
1,1.2599903751742239,4.031090679575292,0.4536289941255494,-2.3703341142125582,-5.488192726309836,-2.3703341142125582,0.36105466507631306,,-1.4751649717754163,0
2,-0.7710910712834083,-1.2248544699738098,-2.35329642415282,0.6572583431164771,-4.234517366084294,0.6572583431164771,-2.4987986534460496,3.2285856464635936,-4.281271966502772,4
3,0.5127982143624726,-4.033627715325005,3.667744904458564,-4.4622348012950255,-7.074139042367442,-4.4622348012950255,-0.11363851132033523,2.6921325379053784,-3.17193780947799,4
4,0.2828311458284651,3.085309543035522,0.9174888098380696,-3.3685341881249116,-7.959475290382119,-3.3685341881249116,-0.6838155902196456,3.720747137847403,-2.9300383734483475,0
5,0.5408276347791091,4.375007431587491,0.15402927343080963,-3.787995031227874,-8.157051614323127,-3.787995031227874,-1.439552276617912,2.779246217829278,-3.339466077297066,0
6,1.0653195217584808,-4.298138981875936,-2.4685836940872745,2.5090642175857645,3.210161167184285,2.5090642175857645,-1.1673820678576374,-1.6806925492148541,-1.4009847260005897,3
7,-1.2444393049448643,3.5120149502081865,1.2857845589734673,-3.2482436625287314,-7.279134526565343,-3.2482436625287314,0.4019243348441055,3.564015287626635,-2.088859935262689,0
8,-0.60723739661741,3.161647490195611,2.794903426382276,-5.048486030708469,-10.817759903304772,-5.048486030708469,0.8195053854694125,,-3.186331232687364,0
9,-1.522115056547227,-3.300024740075311,-3.722251866061849,1.9772821251102985,2.302356877096375,1.9772821251102985,0.28050895337806314,-2.50830570585879,-2.7178297758153835,3
10,-0.20386393737947484,-3.531286794642174,,4.200225521609998,1.2405603891286288,4.200225521609998,0.43783272058878453,3.2438427813262276,-1.1666561239524194,1
11,-0.6009228263453875,-1.685329467151341,6.976798935389382,-4.080127328921906,0.47580992616851914,-4.080127328921906,0.15425060653734401,-1.3583283900914718,4.273362874080268,2
12,0.1832858283846786,-2.4071488086971042,-2.6835784613578433,1.6644497441523596,-3.63482290461185,1.6644497441523596,1.274628980831884,3.8151309738592927,-4.3927533266768535,1
13,0.7304369486133704,-5.0859562394155935,2.2421842021765466,-4.338238277714274,-7.831098402115693,-4.338238277714274,0.5492805469935199,,-5.118958935634456,4
14,-3.2272898117674673,-4.287091224580582,3.795410187478191,-3.9874012888297794,-6.855697587230704,-3.9874012888297794,0.6748641377473226,3.2865728391039872,,4
15,-0.43390093998733414,-6.472008150118757,8.158823607451016,-5.528673261380158,1.6766606759879572,-5.528673261380158,-0.29716210901485773,-4.284227694156478,3.581181471002684,2
16,,-1.1953857110423822,-3.6387866737299355,2.8387821876248287,-1.9708374820688261,2.8387821876248287,0.9880130009785488,3.3248173617448695,-3.586239950007308,1
17,-0.755223269372234,-5.194652859869917,-2.5677133236982073,1.7430390886755844,4.733508599968748,1.7430390886755844,0.06756256091212484,-4.537218632593471,-1.3595406177399572,3
18,-0.7008279257849315,-1.3662681460674069,-3.7099618969793617,2.3249808449612646,-3.2709856675001343,2.3249808449612646,-0.593934926312106,3.7502849335648554,-4.49800662232399,1
19,-1.6432494233532124,-2.7208706109650045,-4.021700515156697,3.140349121305593,1.9454471481730247,3.140349121305593,0.7433778723550054,-0.5444557754219082,-2.540177898923261,3
20,0.07946072463102821,1.6782738066943172,-0.07815500084047278,-2.8505339072628297,,-2.8505339072628297,-0.4206177523288959,2.706532909101064,-3.7254688919727874,0
21,-0.5548167254745736,-3.882525717188522,5.155722834330285,-4.021796217122851,0.5739320662744531,-4.021796217122851,-1.1243424833336262,-3.021106896032854,1.9353605065714503,2
22,0.0922603506088971,-2.064614360234104,2.0979296475635385,-1.6376726781732454,-4.889263171589103,-1.6376726781732454,0.24279684385842606,3.8108836258660967,-1.8164216710985859,4
23,-0.3154295367291053,-1.6073854793945435,4.603377806302399,-1.3354314654199442,4.171961997001272,-1.3354314654199442,2.5194249001210793,-2.678830073037211,4.9091444369127135,2
24,0.396728614768645,-3.537983677092914,-3.3600714275591637,2.286529080869564,2.4314291400026065,2.286529080869564,0.9554609398692915,-1.8921479808119699,-2.3294967471731214,3
25,-1.4791432838265046,0.20973792011796277,1.189633560675353,,-7.406054092635923,-3.2164731539514997,-0.4814697504649606,3.3581220389118833,-3.4636863226203674,0
26,-1.432376023262047,-0.8617470334175796,-5.866958143975409,3.625548347407122,-1.1263968338137518,3.625548347407122,-0.04916340455232522,1.953578388756517,-4.72922369916158,1
27,-0.3115156026800757,-4.951410252979803,2.2643681764061276,-4.567656185632203,-7.952104044010968,-4.567656185632203,-0.5788851016292871,2.196958752228066,-5.182832959769305,4
28,1.3727624580040658,-3.482449018950641,-4.95874195706634,4.431615633382399,,4.431615633382399,-0.5651848763877948,-1.9632861194457485,-1.9729724536729851,3
29,-0.485916790253677,-2.7093825263803297,0.8402721674823992,-4.3156301048749715,-7.275352307335898,-4.3156301048749715,0.5620425856178918,0.9842859970142852,-5.169095203500337,4
30,0.8867247259259752,-2.968042066095495,-5.280119686960216,3.214622610001654,3.4558613343156974,3.214622610001654,,-2.9563839075643794,-2.984508504254636,3
31,0.3723670450366267,-1.6014428090642983,3.7421890118524037,-1.829976724077734,,-1.829976724077734,0.518664698343155,-2.61732638488174,3.281148243678508,2
32,0.8189561885389947,-2.4685576752086043,-6.646505661692865,3.69310872012829,3.959015276911508,3.69310872012829,0.8791697352686607,-3.7616722016377357,-3.5827699006983043,3
33,1.207042676343853,-6.83669450647886,-0.6838734138085445,1.8032391961005032,0.14011857324121627,1.8032391961005032,-0.04792941588761822,1.4684086843316897,-2.4963967157670193,1
34,-0.22482804022895114,-3.222269881131701,-2.875566015433063,4.425623380747229,1.2179100149483337,4.425623380747229,-1.2472675075959274,3.02982459900994,-1.6512780042877369,1
35,0.20268452045078447,-1.2643340186021657,-4.1225963449136716,4.200262835699087,0.35153861489904514,4.200262835699087,-1.4652558238210023,2.7277097032389395,-2.479567462423087,1
36,0.224907474389915,-4.5185245558896225,-3.3797564558451714,2.966419375307253,4.646934681888797,2.966419375307253,-0.6871158214510513,-3.148752380802498,-1.4415204381554179,3
37,-0.3828059879351458,,-2.4590408219811977,-1.6903368250097797,-5.6327323739995,,-1.0849145864612695,1.2611882573784674,-4.3803211906228485,0
38,-0.8380757437979369,-2.715051892199929,-3.9781064324334414,2.9821234646282715,-0.7851619056272401,2.9821234646282715,-1.1711234094686658,1.9580027710439727,-3.843576346923866,1
39,-0.09178400509104279,-2.774893557598449,-4.9924175743988295,2.1063567613061056,2.577833082192983,2.1063567613061056,0.2817031366242898,,-3.447232693252386,3
40,0.48660481476738937,-2.5834814261667303,-7.260267910625879,3.417569121308065,4.466676733586971,3.417569121308065,-0.1976616446141583,-5.191283495440292,-4.009568082766853,3
41,-1.3427977654557157,1.036297849251177,1.807004125046214,-1.904601737042508,-4.9945862048195835,-1.904601737042508,0.2741014198941151,3.5570677184540815,-1.0407988157777708,0
42,-0.5725095636421109,,-5.980828051689309,4.17109882774059,4.844087586447407,4.17109882774059,-2.42917405238975,-3.438943360739567,-2.70308690692361,3
43,-1.1154837918319727,0.14682999570193234,1.1922977409593867,-3.6250940180903326,-8.050299404654892,-3.6250940180903326,0.04034572293708822,3.3635062782755476,-3.9258025968265335,0
44,0.21752444566938905,3.5830850154346,0.3796295805797482,-3.1013043006903107,-7.624757958483214,-3.1013043006903107,,3.4175486607618066,-2.9613599089307767,0
45,-0.1196601821483986,-5.229879114541711,-1.9379722690569445,4.478735775801274,3.1186749420303688,4.478735775801274,2.0515881686891566,1.7875463166656256,-0.6782481332054999,1
46,-0.0038315263400907334,-1.659064355817205,-4.578704333913466,5.324152603001549,2.2210422232583564,5.324152603001549,1.0494078797643376,2.2056807571016095,-1.764719608272888,1
47,2.0958049610310026,-0.8308960815501338,2.012162467792233,-1.6461076550697846,1.8056212090069277,-1.6461076550697846,-1.1477735168555385,-2.8045388283069097,1.7347764064897113,2
48,-0.5168617488749635,-3.5046479843403064,2.890520430827359,-3.521687272130657,-6.437509567306343,-3.521687272130657,-0.3986081275849023,2.9402132511296637,-3.0316176177393537,4
49,1.1167443129055794,2.9131897197458234,0.9818185051476285,-5.228516420917323,-11.605596991451513,-5.228516420917323,0.4446769045584048,4.5060044855935155,-5.282618553813618,0
50,1.0449099326004136,-1.35640966721971,3.7890352567573067,-2.1690969047040443,1.557049436043,-2.1690969047040443,0.2702472638048929,-1.9956103955643414,2.7842802272525473,2
51,-1.6861505601856044,-0.9029759996636408,3.8139357079966754,,1.7086017091346588,-2.0550813530013223,-2.1721100954290558,-1.9084860830580948,3.0860584758318788,2
52,-0.7969695108290146,2.6823211312995032,0.184738170126449,-2.970162527641299,-7.352000492424766,-2.970162527641299,0.5367897328449475,3.1106326078295927,-3.296342470545519,0
53,1.0704401579200753,-2.005417317747318,-3.573156078584933,4.538143553104057,0.7996177726756126,4.538143553104057,-0.4034977471237419,3.174356887934799,-1.957963846032762,1
54,0.8415316127943874,-3.3634529705219647,3.0325864931162223,-1.8101210530658907,3.506772755792504,-1.8101210530658907,-0.7579123615395404,-4.165989923833544,2.415339884141086,2
55,1.2978929953288156,-4.220597145087042,6.549953115244019,-4.0086199317538584,2.447593618597361,-4.0086199317538584,0.7708591760321463,-3.779967227160426,3.9057824793480984,2
56,-0.6546307425335205,-3.8054971478187722,3.256289240447943,-1.4396705031150678,4.133038679852455,-1.4396705031150678,0.07896782551398987,-4.07834534658953,2.862362963778533,2
57,0.08750371738985695,-4.127876553584228,-1.6210702499658214,1.6999035633131625,,1.6999035633131625,,3.2345798344110834,-3.477436084850781,1
58,-0.2068256903875624,-3.56327800549333,-3.7444600857000863,2.085690756841054,2.8730253054698074,2.085690756841054,-1.0678208714347959,-2.9496065845512804,,3
59,-1.0487357059605373,-4.635614381465439,-1.3050378544979782,3.4079506835283793,1.4600260020411078,3.4079506835283793,-1.463402874252759,2.3416318470981636,-1.0475131649274918,1
60,1.5137116129616277,-3.8629343553142643,-5.673014358065701,3.6496071848726066,5.695712476281385,3.6496071848726066,0.22278671259518726,-4.905012109114517,-2.4577425374239965,3
61,0.25219705445606644,0.7539859561214324,0.33776105740943807,,-7.97446398982976,-3.2995984042364013,-1.1621356645616894,3.164702553650423,-4.29320205012864,0
62,-0.07132857222189318,0.23551021396985838,0.23015482298108647,-1.6378348509066056,-5.084578885137485,-1.6378348509066056,-1.0034549485042998,2.726272076717379,-2.661400629662998,0
63,-0.8062911051530532,-2.6292270862191263,-4.728526253124263,1.2479312696428737,1.5755910323373583,1.2479312696428737,0.7095937918638815,-3.6533689775436784,-3.923831570590921,3
64,-0.006335631713004086,-3.973448337468423,4.288927372282686,-2.5438008823160017,3.3931296821696977,-2.5438008823160017,-0.2504280350373353,-4.239297340069949,2.9757088037043036,2
65,0.9412928461424078,-4.4231406121951355,-3.155171094079521,2.9101383667035634,0.4449524996350734,2.9101383667035634,-0.7109457976724189,1.1246871457516803,-3.21588586874317,1
66,0.47787591730980244,-1.5240697549305886,-3.0147481543110004,3.969368955094005,,3.969368955094005,-0.686293727419467,3.7745931117244664,-1.9532758498687193,1
67,0.7722418020246071,-3.1054712740117933,-5.100151188537879,2.777781859724377,3.433140634339482,,0.6238510471701589,-3.477094139872917,-3.0367375102486616,3
68,-0.6437778409913831,-3.677089449087186,6.182551507358658,-4.270488731118752,-6.0534550425410725,-4.270488731118752,0.049064720649621696,4.013872698715973,-0.3132296065963116,4
69,0.7152123555212531,-2.242591322135935,,3.4487107312355736,1.916479756823287,3.4487107312355736,-0.8048311365001146,-0.7764791033290495,-3.118741260742139,3
70,0.15618217063087225,-1.9100104362125399,7.741364252160488,-4.745535062892511,0.2633235039792923,-4.745535062892511,0.9262387510335001,-1.5849876073444034,4.528759112592783,2
71,-0.6879759695216688,3.0738447640743622,-0.9832434592282538,-2.0787865665952086,-5.2470720061145215,-2.0787865665952086,1.2999799433568482,1.5004578460595819,-2.8686156268086864,0
72,0.667949502231725,-2.113257451743417,-2.572992874302825,3.3350029844823643,-0.5673007830911814,3.3350029844823643,-2.1934254993357585,3.4628100117975804,-2.179500794641865,1
73,0.6448187261562028,-4.244041886804956,-5.171095066550259,1.9808005590318403,5.11044972078827,1.9808005590318403,-0.9768185444205258,-6.5340839019776915,-2.9994852256049613,3
74,0.05911624293007727,-3.732352531031059,-6.52789399967418,4.116180638065451,6.288821412505287,4.116180638065451,0.9308354174432141,-5.443886490753814,-2.713173825287338,3
75,0.30780533866070414,-2.6398383429714025,-3.1990514462503543,4.084907973035813,0.04378839946980828,4.084907973035813,2.4464385367846924,3.4653829858396152,-2.3809423559218166,1
76,0.024072171020896625,-3.274771726745678,-2.762346307930472,2.168706717542908,-2.212023847007856,2.168706717542908,-1.240934178253331,3.037838951755102,-3.946710037272849,1
77,-0.29068275836299434,-2.862253814891806,1.5064373415877315,-3.3085632712479596,-6.43472397967892,-3.3085632712479596,0.6472544979810043,2.221262318370714,-3.916437528338548,4
78,-1.2927047362461703,-0.9225739540253861,3.1425037707162944,-1.2794343224732074,2.3125545591750076,-1.2794343224732074,-0.3751184148845338,-1.8485915215236308,3.0412293811807563,2
79,-0.3669498090604217,-2.7526535486326593,3.6228840051475473,-2.581682991873344,-5.352630665190604,-2.581682991873344,0.9444263901920283,3.967342840417699,-1.2881786291816932,4
80,,-2.522278206126103,-3.3401956538455813,1.0072680338901852,0.12422328268051919,1.0072680338901852,,-1.4661364791683809,-3.44730156402647,3
81,0.5827525568168951,-3.3024509701329587,-2.610523055151177,3.3020617710354907,-0.7779556243746695,3.3020617710354907,0.7178674981420499,3.4816355650093804,-2.769871657442733,1
82,1.838810891901345,3.163319569337174,0.2849281706857118,-3.6955590548991943,,-3.6955590548991943,0.3106609898449773,3.7549866648629906,-4.051001786928988,0
83,0.1372251820939723,-2.3500955544946462,-4.454623671796863,3.067069817568578,1.5174023159314771,3.067069817568578,0.38736483743134403,-0.5437765300123516,-3.002440723580093,3
84,0.8834314145571867,-2.874406083522011,-3.20357519925043,1.9771437674439467,-2.0986186035841,1.9771437674439467,-2.204805097201245,2.3144358533813447,-4.188573893207936,1
85,1.4417719198771335,-0.5866560828609244,1.3398889327754797,-1.219180975222823,-4.289834513037766,-1.219180975222823,0.37776653989977454,3.392922906496278,-1.4942060382142053,4
86,0.12939492902898775,-3.7493599111564633,2.028027654672944,-3.036047055839015,-6.546999372523734,-3.036047055839015,,3.0877561546189414,-3.7605242173013718,4
87,-0.8714810432699096,-1.2835786292036195,2.931044960021497,-1.1450720945626394,2.685165791988795,-1.1450720945626394,-0.007879450979974756,-2.2131771442511274,2.9431955354481145,2
88,,,1.309194584028117,-1.2474174802587155,2.7871391197043884,-1.2474174802587155,-1.1767583823040313,-3.938034585023046,0.8516322469928688,2
89,-1.097071732994775,-0.8315230787257946,0.20544056864559335,-1.6238195802873512,-4.949418723547075,-1.6238195802873512,-1.6705166258805961,2.495673100867025,-3.0156167220596215,4
90,,-4.0366087977342175,6.219142846528367,-3.533867167194682,-5.723138148198457,-3.533867167194682,,4.818822973123956,-0.014998386981617262,4
91,0.8348962103783258,1.663508354507473,0.2630446870872575,-3.1752841727359655,-7.536881729870302,-3.1752841727359655,1.3673748364170544,2.946249560380609,-3.767528514810753,0
92,-0.6753810212570256,-1.6023442212507255,5.375666306505379,-2.461831489852611,1.856698355757867,-2.461831489852611,-0.18973147729428097,-1.5016977850798745,4.110061053374563,2
93,-0.8382582998341996,-4.409858503839381,-2.8511255966199585,1.9868099388486224,-0.8385127804570242,1.9868099388486224,0.4799911358071346,1.2178838970115846,-3.862060910257209,1
94,0.282759214600827,,-2.530168985789763,3.7176180832672556,6.738823225052803,3.7176180832672556,-0.3951514193362464,-3.5201746244981513,-0.003332167830711441,3
95,-0.30164001824366843,-3.9815691116070466,-3.438842293325128,3.5594284058749297,0.4027020657781054,3.5594284058749297,0.971365383395671,1.9830742692046792,-3.0989368528504047,1
96,-0.9439885791376896,-4.745830908875103,2.4324247867865876,-4.918941048485959,-8.02986541690186,-4.918941048485959,,1.885040452296288,-5.113839623045677,4
97,0.745183775848504,0.01332810237821569,-4.893841561206534,4.53586583771835,-0.6093185980053784,4.53586583771835,0.8260186464838974,3.702108885276587,-3.0092181872837793,1
98,-1.6483481745704114,-1.0888055225791369,1.9363563641176058,-2.8520551673733467,-5.3797460177295475,-2.8520551673733467,-0.1533746778074438,2.3846785400097605,-2.22611599673421,4
99,0.9053199520646433,-2.3403831288636203,,-2.6364596181862523,-6.629022892056332,-2.6364596181862523,-1.1161505974632475,1.4285758140376343,-5.836141979341974,4
100,-1.4379374623819128,5.0265227431897035,-2.2213820798181487,-1.6531309449664793,-5.30760105255322,-1.6531309449664793,-2.41391805680753,1.4095423591908816,-3.093208876144556,0
101,0.11260138086233466,-3.805691462126993,-3.501759735963094,,0.5562064252552505,3.7794992365554347,,2.136303892816478,-2.941335968721682,1
102,1.016388537076292,-1.992077932312658,0.5048868639751452,-1.5107922214555984,-5.221095790372122,-1.5107922214555984,-0.7611443336281897,3.0718662442039193,-3.283500571085575,4
103,0.45091873637584984,-3.28978125665321,5.081137881891696,-2.931255579189248,3.2840347743160505,-2.931255579189248,-0.9516205226474751,-4.03389795608143,3.7382847466807574,2
104,-0.2840840338123802,-3.673254723081511,5.88823238086645,-3.01022354516685,-5.258405101753398,-3.01022354516685,0.6936146439102397,4.934992350536378,0.22932920030497694,4
105,0.7099800429208729,-3.203508270781784,0.2766154717912408,-2.771002202936699,,-2.771002202936699,0.7086379183022286,2.2964609388647146,-5.053669459016351,4
106,0.5730004563818576,-0.9459980202875515,2.873971946880361,-0.9857102571486172,2.7127364895551915,-0.9857102571486172,-1.61993482647738,-2.0090372105963565,3.086917173379097,2
107,0.185303845499866,-5.15979143447505,-2.1410605083729592,1.7415577318431268,-0.4245974558124067,1.7415577318431268,-0.8892763428147433,0.9258159643576902,,1
108,-0.7878303053584429,-2.63916362746633,-2.679448208099088,2.760874708280979,-1.266189313109546,2.760874708280979,-0.8269713760725812,3.1372994375400562,-2.9913098351636696,1
109,-0.654499515359868,,0.14608121560326404,,-4.105642702441587,-0.852163895206349,0.7501036464012979,2.8983415585315373,-2.0152051793352603,4
110,0.2442130322730723,-1.8074425525973847,1.69683186609082,-3.0130637599917893,-5.818637830720231,-3.0130637599917893,,2.3146682020744196,-2.9650287873862577,4
111,-0.05290378277493192,-2.255712375141602,4.87181990621777,-2.8522163916415555,1.996014351282094,-2.8522163916415555,2.682456166806605,-2.704719357029983,3.363540440539469,2
112,-0.021950578164152943,-2.0962715162513725,,-2.4351389176513285,2.1091459503929784,-2.4351389176513285,-1.6969492363484149,-2.202608064261172,3.568369561674319,2
113,0.11415500319558665,4.258024079689574,0.33560790898446347,-3.94726321804406,-8.74477637889176,,0.35537053649921974,3.2511121129459495,-3.557084590113443,0
114,-0.9031418154289776,-2.338644334416772,-5.703205588546487,2.074831294456809,2.1667491578521143,2.074831294456809,-0.11375506328118824,-3.715038485731326,-4.103604110614789,3
115,0.9808355220197147,-3.1358951102258605,4.537307686696309,,0.963126995670714,-3.4352521396501703,-0.28051520000570357,-2.9269303032831533,2.060104979136571,2
116,-0.045145716296869184,-1.7547305433891967,3.324772562231422,-1.824158695437264,1.9273037415641616,-1.824158695437264,0.06590312898051391,-2.2380014829223014,2.522349231069987,2
117,0.45225657598620217,3.1747905970196433,-1.3850319057233995,,-3.6703201503998857,,0.6678021281997183,,-2.1138399219967967,0
118,0.8159555267751275,-3.455005471809946,-2.7660310824879035,4.233838424146941,1.3373428082127612,4.233838424146941,0.5280373631490746,2.681194559830554,-1.651454997124865,1
119,1.966565475163299,-5.358988966648214,-2.0776021718329134,4.896662194605591,2.9464086578048,4.896662194605591,1.4828237546039844,2.480304241292778,-0.7898031653490301,1
120,-0.38549371736102,4.502798905099887,0.6157305427897724,-2.4508090518402414,-6.148331566729457,-2.4508090518402414,-0.14425802051001563,3.228588695552152,-1.4961666668157545,0
121,0.6580927225900587,3.888894724736374,2.0431592848719355,-4.045843671834346,-9.485149374896373,-4.045843671834346,-0.23541343621922894,5.162480957201291,-2.599709924187983,0
122,-0.798848714512697,4.041736424948543,0.8377485073146348,-3.764234836455588,-8.389931727009525,-3.764234836455588,0.27631368395367856,3.5619555459575434,-2.9747549630408976,0
123,-0.7818260038673399,-3.602416138986864,5.695151891939744,,-0.7137468025528921,-5.133648823087071,-0.358252071130774,-3.0023010810917836,1.52857285928863,2
124,1.9657291999525455,,-4.45285802775323,2.0888806243888753,-0.5684325928026949,2.0888806243888753,-0.32508564513187305,0.10103934085058297,-3.9782489637656133,3
125,0.23799077535827923,-2.205224204274842,-6.516000277776465,3.775222235810511,3.3743061503887377,3.775222235810511,-0.046371372278421204,-2.9259752071712164,-3.6196480777420654,3
126,-0.2156816950611978,2.706733232111066,0.8265088327703775,-3.0822515717383494,-6.946707888342251,-3.0822515717383494,1.7318776925157484,3.0494946101054783,-2.577103972680614,0
127,-1.2013113822685462,5.328796906370545,-1.94661965027709,-2.4203090387235235,-6.715252684129,-2.4203090387235235,-0.9688084544183466,1.870304451793793,-3.6626648193070768,0
128,-0.7811116792534789,-3.251159942473355,-2.576261580720907,2.394993662110387,-2.2811173449848714,2.394993662110387,1.0047289223897256,3.6063277538217333,-3.733841196481466,1
129,-0.47870033830723924,-3.5479427435007946,5.014893275127038,-4.209682757217351,-6.355677953356167,-4.209682757217351,-1.8664390235600936,,-1.3986008444983566,4
130,0.297781408972218,-4.06617536087062,1.3726762784255335,-3.6128860971146652,-7.1022399818634865,-3.6128860971146652,-0.3844776403633509,2.1967535762633754,-4.90213008816856,4
131,0.4757887531514524,-0.29621622306329565,0.19851072177662554,-1.6611289149639892,,-1.6611289149639892,-0.27913733293873927,2.3554799526162737,-2.772539657150955,4
132,-0.034427997505609785,-1.649961610237224,-3.024469855902379,3.42863732897104,-1.1255577439960633,3.42863732897104,-2.2327797688201603,3.8441090135266256,-2.6289125108294984,1
133,-0.2390171710439516,-2.212322270622079,0.8739122048134422,-1.991190241323082,-5.517750787630401,-1.991190241323082,-1.4204729313821922,2.8991426202061423,-3.3471223389220364,4
134,0.23033602085512578,-3.536303074386777,-2.0061188285947824,,,3.122732536369311,1.1932787423903655,,,1
135,1.3571323205277994,-3.3149597022180064,5.096489973719589,,2.5113868443851137,-3.039654981499104,-1.0375714512139287,-3.424071900517377,3.3407815331156363,2
136,0.4566383186496058,-5.917804099327257,-1.4580192361085587,1.4221380467099023,-1.1228428251048854,1.4221380467099023,-1.0423286208588118,1.6012881843256934,-3.5453057135210084,1
137,0.23008057894280984,-0.7061755506772878,-2.522735536460839,3.094233382313916,,3.094233382313916,-0.592573785685655,6.192816515591701,-3.082539797223168,1
138,0.12818723284413439,-3.0485670435725902,5.129217036646335,-2.943896785455063,3.0314544672204384,-2.943896785455063,0.01391140971180377,-3.742027105050886,,2
139,-3.761623906742903,1.9725547117381987,-0.8846745820108284,-2.379929646796479,-6.222863439405719,-2.379929646796479,0.7884249135735344,1.981776528324533,-3.7591082770183473,0
140,,-3.0360107935393854,3.925416458747195,-1.1158665659481166,4.481703893918113,-1.1158665659481166,-1.070519273212619,-3.3200513393537734,4.004155500052653,2
141,0.9553502270545104,-3.9808016691515333,3.716412009616611,-0.3872071226956524,6.701863423711623,-0.3872071226956524,1.1434263734602688,-4.653764264865634,4.760060368523151,2
142,0.5484805288307419,-2.0837788176668566,-3.8634559756244555,0.5026431675835634,-0.5547304963808746,0.5026431675835634,0.9195898289014177,-1.9478718069901284,-4.224771765184995,3
143,-0.879506629535288,1.7072604788225676,1.259228349741644,-3.3266007978918855,-7.822809663033288,-3.3266007978918855,-0.9485650444451873,3.795462819806489,-3.073811323778825,0
144,-0.6132387859201833,-3.0486930389609266,3.3689506380332603,-3.3991688725930365,-6.060916747644198,-3.3991688725930365,2.143650535256619,3.1790897545015557,-2.22686112037311,4
145,0.4590143865371563,-1.6566495312740699,-4.394924027893469,4.5765041064045615,0.8776781261205415,4.5765041064045615,0.14466120486768597,2.532533988440221,-2.4888760178616245,1
146,-0.5409540497433944,-5.688232307049945,-1.3312506754308302,2.0424913975316334,4.635866646031452,2.0424913975316334,-3.0890808063067476,-3.0370659412235486,-0.42050472416634843,3
147,-0.06346561223328644,-2.2764292548581215,-3.7693192744293587,2.889376234382553,-1.0219182443235988,2.889376234382553,,2.2569380089296693,-3.640572913942007,1
148,-0.5236277985362675,-2.7808623819947575,-5.391393584282773,4.357134052818231,3.624161725991452,4.357134052818231,-0.799353440342217,-1.4317386315247442,-2.549929469048255,3
149,1.1670694636301882,-3.587842921227563,-4.9454250203502665,3.404968446380069,4.340708762959197,3.404968446380069,0.006341950571044373,-3.3312817576018348,-2.4460583892590337,3
150,0.3457071039681612,-3.0402427036978064,-2.6541971926436068,3.0820593279456214,-0.9282684625000616,3.0820593279456214,0.4858754445769562,3.2806587003635177,-2.8534812946738737,1
151,-0.5801372571725407,-3.682149804746253,7.284426307187786,-4.252777999465739,1.2917563115606598,-4.252777999465739,2.276214518809864,-2.3735008135345055,4.116783849931045,2
152,-0.11079533629950362,-1.1031833397176116,4.650134363552983,-2.6789770731360365,1.5597110575382476,-2.6789770731360365,-0.29331507475575597,-2.0748172488484187,3.456608017840126,2
153,0.86836735253061,-2.06318047906702,7.553946770376966,-5.224362900309326,,-5.224362900309326,1.9327821855564062,-0.30301799650449235,3.109266385218846,2
154,1.013458611985921,2.8489940926134927,-0.9214662044129871,-2.6505360139287735,-6.548375496192211,-2.6505360139287735,0.7555749727618128,1.9387427434183857,-3.7053942353609672,0
155,0.009056459963310028,-2.6900983713269286,-0.8462826286545828,-1.9483212910662655,-6.206485311444356,-1.9483212910662655,0.5411744599486071,2.2327010732864876,-5.328036960102703,4
156,0.5386355362477556,,4.870599817306364,-3.9220983574301496,-5.9795818796203335,-3.9220983574301496,-1.0474582517246085,3.4838499097576205,-1.0846246054147084,4
157,0.2548592789852401,-2.214675221794309,4.10564774696539,-2.9255741322197593,-5.196109359349344,-2.9255741322197593,1.5983581539254943,3.7159195539598566,-0.7083687308286124,4
158,-1.3192385039741301,-3.2776762743274515,-3.965946583426841,2.1881766566870233,2.4872276698252644,2.1881766566870233,0.7360219433476062,-2.5587613099499817,-2.762797403377284,3
159,-0.06165386817948392,,-0.8632093367697751,-2.247951599147325,-5.803224452123449,-2.247951599147325,-1.5825083883163,2.0094951013309466,-2.5853142960483178,0
160,-0.35520595135621635,-2.826818773843079,1.3649199946892123,-3.2571157996981213,-6.417391362808441,-3.2571157996981213,-0.13802488398457036,2.173808167062173,-4.000337347547955,4
161,0.16498735695701255,-3.4331552971973127,7.86720171680978,-4.844135175102457,0.7077378706834856,-4.844135175102457,-0.43547102236060464,-2.2183662838298766,4.241988453735541,2
162,-0.03102406040361985,-2.9922459624416273,-2.7466471396051357,2.6900658945359144,-0.9282468106711197,2.6900658945359144,0.35495120009251707,2.6063153095300926,-3.046217379176807,1
163,0.6523004257163165,-3.353619122982784,5.312930943923192,-3.1930231167004544,1.9811205434978585,-3.1930231167004544,0.3895015923384277,-2.965122248149191,3.2119456103289203,2
164,0.9086564342101532,3.1809568737547043,1.220350119200901,-4.611872940838464,,-4.611872940838464,0.10587574623055583,4.354192688914717,-4.1420561493232695,0
165,1.7340497414124212,2.8148661999290994,-0.7846826257068381,-2.2251152934137357,-6.535278716863303,-2.2251152934137357,1.573648315271729,2.6882996165512267,-3.4516934048118504,0
166,1.1393903669017376,-2.8728246675499562,-3.082826385865088,2.204779502283481,-2.5435090070787227,2.204779502283481,0.7691617946603317,3.2039930872982163,-4.217748512669992,1
167,0.1767232286879984,5.344136084396206,0.5161242471055651,-3.2777008461825274,-7.685806059201074,-3.2777008461825274,-0.5445750125849118,3.4770711340098734,-2.2683919806301316,0
168,0.6907405566243489,-3.5757725201398625,1.4714539166527842,-3.2483654641872612,-6.714059620829387,-3.2483654641872612,-0.18250781116060932,2.4978853601302244,-4.327077977184658,4
169,2.4766093956355624,-5.724692769558122,-2.4456463738718153,2.592863773572175,5.908879778463002,2.592863773572175,0.5340253220808625,-4.344159998335391,-0.6142610782294136,3
170,0.9079944273424699,-4.309649545492297,,4.563018038308837,6.020355191071719,4.563018038308837,-0.6811230887921496,-3.1290694884600736,-1.3755084261021768,3
171,0.19111301457722404,-4.394666902013929,2.833903565423573,-3.543487603397306,-6.849987118362699,-3.543487603397306,,3.18896579312347,,4
172,-1.2931934858951095,-5.719584422607236,-1.4923836352743711,3.212585181664657,1.6250350306683932,3.212585181664657,-0.35140224083904376,1.6269309886018783,-1.6046833644442873,1
173,0.15868797968819076,-1.8552149052327775,2.594966688676097,-2.79335453131007,-5.4476719555288815,-2.79335453131007,0.3690863297055535,2.9975852738624287,-1.9564632722830437,4
174,1.2590750527374879,1.9135183180080766,1.331473027096271,-3.302711851434381,-7.378732844840942,-3.302711851434381,-1.5547527980078082,3.468031852819408,-2.715798701176335,0
175,-1.7273417184352775,-1.4316905439397136,-5.884465518612503,2.601726128634056,0.9164958212167588,2.601726128634056,-0.49830811730351665,-1.721487965386326,-4.334657425805383,3
176,0.17645443554978263,-3.228271823967334,1.4852140095586202,-2.9965761177976487,-6.426041212522987,-2.9965761177976487,1.1059936389188996,2.6434917368920607,-3.9643519137513965,4
177,-0.09834496851357927,2.800036920954667,-0.04012703360882996,-2.36785472545158,-6.015983856091644,-2.36785472545158,-1.1197506335285252,2.5450515265853215,-2.6145266338691737,0
178,0.2121601381166786,-1.7277243433008616,-7.280172917238556,3.998025206329128,3.2188110762997217,3.998025206329128,0.2446895664594027,-2.9934195656779665,-4.101128534176293,3
179,0.9410463808755983,-3.7783744108172206,-5.263017714356101,3.4750086355836687,5.0827458357532525,3.4750086355836687,-0.8412293969485866,-4.230930909311762,-2.418745098100046,3
180,1.6520720669829443,4.156593967576113,-0.1860355591903476,-2.4596802150322468,-5.627729212879018,-2.4596802150322468,-0.5686760105533395,2.0263832589877966,-2.077758155524453,0
181,0.08960627795712815,,3.3811118946359136,-4.191500322405227,-7.215712730756902,-4.191500322405227,-1.4147069453946495,2.9748620099075485,-3.5886992209540245,4
182,-1.0041672456807769,-3.128817462303308,3.793991902280161,-3.562391017187535,-6.179845696483927,-3.562391017187535,-0.3807523715331896,,-1.9994852580451337,4
183,-1.0028942533179326,-3.545293303267996,-6.510168390339198,4.9366198631928535,6.260625961630888,4.9366198631928535,-1.6831988072897255,-4.118290414380711,-2.3671815466757096,3
184,-0.01474216160280605,-2.591190848102737,-2.5818301616985657,3.199344303020516,-0.7607587493797741,3.199344303020516,-1.2453289468624529,3.3944516401407476,-2.5036049618176928,1
185,-0.9148168077296086,-4.893363544709118,5.502172227114889,-3.1872713554224,3.0175292848234436,-3.1872713554224,-0.7176851834107745,-3.976208554963337,3.2884461263739455,2
186,1.840116773254193,-2.0506057478415824,-6.056651698645757,2.994227346313014,2.327874302879284,2.994227346313014,0.11429609802101598,-2.711538822333281,-3.9186449675767094,3
187,-0.7950616034987673,2.7196000998261955,0.26305503491621157,-3.891524689370475,-8.674839354282902,-3.891524689370475,-0.9692505150350499,3.068072577051926,-4.14696328520704,0
188,0.1551797648705205,-6.26781986296331,6.346421223830035,-3.794984417874179,3.0244583117454775,-3.794984417874179,-0.12449960859783758,-4.374043781819706,3.3033171746558123,2
189,0.5904603658481954,1.2990261496828004,2.0115726025423695,-3.046620086899823,-6.935874445304569,-3.046620086899823,1.0972561652592892,3.909543554664038,-2.063147857721815,0
190,0.19908983446932352,-3.9753674688550125,-3.0499779155519398,3.1604332695581348,3.347786317183161,3.1604332695581348,2.061074271931006,-1.2461866278565696,-1.5008912459304484,3
191,1.4692715102415168,5.758882184768536,0.007106659822527339,-2.3289301299733762,-5.384042981115858,,-0.4042856599876953,2.2879259486042365,-1.1489863224097858,0
192,-0.3596873586711586,-3.2835490033850214,-4.457747505889809,3.7622735138407486,3.5962939597572197,3.7622735138407486,0.45147334882283063,-1.6235457520279797,-2.1418694603323596,3
193,0.5677923272674339,-3.908081184753235,-4.066884875881483,2.999772741290372,4.072003742038102,2.999772741290372,0.3882726222650089,-3.0183899175272066,-2.067679378327343,3
194,-0.556226876776657,-4.506691769430587,3.4961307940981903,-2.3577009584402826,2.9618445917953764,-2.3577009584402826,0.7609054666238185,-4.205500152231392,1.9466561790995893,2
195,-0.30700266148828137,-3.5930763883654473,5.3610567819461,,2.5336558947845855,-3.127683391775875,0.8284819277988448,-3.396579912310754,3.446495943990625,2
196,1.4303402397953955,-5.024470893937636,-1.7473536895707324,2.2087194201146674,-1.0171262633269997,2.2087194201146674,1.204367454545554,2.5617429026188465,-3.1476130594561598,1
197,-1.418256761823699,-2.738814531745053,-3.121559163203406,2.957091436525228,-1.5656673322411123,2.957091436525228,-0.9700487407166515,3.375575069916304,-3.4878440208385504,1
198,0.587593949143449,-5.2201570662336145,-1.9443535599826358,1.4017494460938154,-1.984780136857505,1.4017494460938154,1.1070257002001818,2.1019268057954674,,1
199,-1.1283204011385815,-2.412629686766277,4.351364058105585,-2.937489751870043,0.5782779357811627,-2.937489751870043,-1.7109752818489403,-1.8582980564401552,2.155205526017178,2
200,-1.2731661675678498,-5.49101210256889,-1.7410601362387612,1.5272229115530034,-1.201872704914901,1.5272229115530034,-0.5531704335510512,1.6554382388299878,-3.632236636944475,1
201,3.0203797191042274,1.7716210791065226,0.9649872748531353,-2.8269418304192335,-7.00530178086745,-2.8269418304192335,1.0665300077308768,3.5260410642915656,-2.7514531342605735,0
202,-0.4663620256308567,1.4700599740040192,0.17359699793791977,-2.0384109324406663,,-2.0384109324406663,-0.4773584450719014,1.762317337266424,-2.182375296656531,0
203,0.26454659641952644,-3.7659473860919093,-2.9405782802926472,3.965053044410211,1.9012958856637552,3.965053044410211,0.470442492547988,1.538482447879788,-1.7426942634431435,1
204,0.8213385020467671,-4.738239130526731,-2.2772899105592526,2.861749419910496,3.97820094017728,2.861749419910496,0.8137049197686395,-1.786917834490125,-0.9202191282257548,3
205,2.1464983401995714,-4.43327778941297,-1.7356291101187673,1.470123127518709,-1.8141260646492277,1.470123127518709,-0.7891913135224373,2.2770271223519747,-3.5380797294374275,1
206,-0.5115337537890753,-2.6772896071615127,-4.389499174144102,2.0802567206099196,1.6895647428803038,2.0802567206099196,-0.7530214186180028,-2.2159048267295693,-3.316821823784303,3
207,1.9670232297719301,-4.809859670719961,8.181676880870711,-5.59108129961088,1.0034012345810686,,0.3025777753978821,-3.540671250387005,3.88717559013476,2
208,0.6519841160006598,-4.0444527946618685,-3.270655133451406,3.60375788882286,3.8713673398977155,3.60375788882286,0.18613355630668235,-1.2643006165617456,-1.3227168796954523,3
209,-0.26313177990792785,1.0980264315763348,1.8644781541876414,-4.676248876265811,-10.62273352073572,-4.676248876265811,1.5124041089424072,4.919420654190331,-4.552154614144972,0
210,-0.5353572349498603,-3.2037835318835253,-4.197313975901119,2.7773486122894773,2.8548581413950775,,0.5413703881101231,-2.192288814661578,-2.5651713252690675,3
211,1.4147050416054623,-0.17526617783111353,-2.9842580159717196,2.523138236852184,-3.5962960571857194,2.523138236852184,-1.793643767293501,5.067855296837185,-3.5091015732921202,1
212,0.1384602519402655,-5.606168015011102,-1.7552590458387,,4.901027705982459,2.2097941388937516,0.3024742351192988,-3.3728844549720485,,3
213,-0.36961937576055925,2.1210128115948526,1.2452988232918858,-3.054833301782702,-7.2468143708135155,-3.054833301782702,-0.18881539665377048,3.669969412034345,-2.5673781997053218,0
214,0.02110885507395027,-6.047715495600402,0.5029281368435248,2.746333642139781,0.3966815566085151,2.746333642139781,-0.12345010245059866,3.6887590678690914,-0.7358875583948716,1
215,0.3112427981517309,-1.1518302176666593,-4.167922095011855,2.1226542288469856,-4.100972187087242,2.1226542288469856,1.349225420850175,3.9165252115066505,-5.273768734450572,1
216,-1.304645643224509,-2.8778343436031464,2.094855488166953,-1.9199812855789542,1.8641370694996577,-1.9199812855789542,-0.34801999367488407,-3.4079300126569794,0.972770612707738,2
217,0.7325626527028563,-2.88919688880258,6.071313582028419,-4.750953264799561,-0.07046041808526038,-4.750953264799561,1.7415600005868046,-2.684585539004798,2.5543312229955566,2
218,1.514070862324274,-2.5230963301679274,-8.413558590833023,4.791209840951522,5.9111142161518595,4.791209840951522,-0.10035883919832715,-5.420112304748253,-3.845018141677328,3
219,-2.0737980658255797,-1.5903262599948111,4.6527717270799425,-3.91528169804944,-0.27535105882857547,-3.91528169804944,0.5444051626267157,-2.203530453562826,1.9960521382580692,2
220,0.20184581782084016,-3.9064491578281535,,,1.1364279657613836,3.9224569454093983,0.2386837221047119,2.2155442194221466,-2.1752945053775044,1
221,-0.10069122287769793,4.167498578893067,2.393790035684839,-4.542073726565386,-9.534838554397334,-4.542073726565386,1.2727008530668764,4.75138238149075,-2.3801776997809534,0
222,-0.7453696577262767,-2.2024963394249157,0.7735954118339445,-2.0688611074098864,-5.551382390852098,-2.0688611074098864,-0.3879995767679198,2.7335310107164035,-3.472114765088629,4
223,-1.9436506404061642,-3.2609210165359523,7.057326908179715,-5.251956555835203,-0.42015425090986014,-5.251956555835203,-1.1070005001237597,-2.35813664760536,2.9362051196640757,2
224,-0.9925685262784326,-2.495015608435838,4.017696585491774,-2.0492463067528806,2.5276404750930004,-2.0492463067528806,0.36553543833444985,-2.696841361379871,3.052755662691195,2
225,0.2567033833979181,-5.65581090561686,-1.649746537556526,2.771096527603875,5.086177300722308,2.771096527603875,-1.290646732586922,-2.610832452528044,-0.22836968324412066,3
226,,2.214912954532467,-1.2117346886237934,-2.1623536653114894,-5.531969443345741,-2.1623536653114894,0.2951194223206,1.3929368111781215,-3.5521351016904945,0
227,0.7461467688541041,-3.309240227484983,4.490679224615675,-2.3358091475181837,3.554480042457004,-2.3358091475181837,1.085180150886263,-3.8563443479259116,3.5459230486018374,2
228,0.9006740612459471,-4.410488801937829,-2.310083178058584,3.1795695021759682,0.9134613966556745,3.1795695021759682,-0.7214957763805129,1.7507310877742723,-2.1678555852467425,1
229,0.871915684975098,-0.4615027053787575,-3.7976263940010506,2.207083143264863,-3.8784083360254384,2.207083143264863,-0.11017405060791813,4.1848755546263074,-4.560017134196524,1
230,-0.8871266075818245,2.3124291988635655,0.0065525778818257,-1.8787729364777084,-5.3708119814650335,,-0.7062485548183841,2.651577010287329,-2.289476652146859,0
231,0.4758133149219452,3.7288037026643677,-0.5338509280234288,-3.591018860535839,-8.915686836026287,-3.591018860535839,1.1321683320886902,3.2281699107125488,-4.471223748516433,0
232,0.1917067541102069,3.0859484165471693,0.037114117312760576,-3.9028128871431047,-8.713571126828366,-3.9028128871431047,0.039693980248392845,2.9425934220740184,-4.226934189189267,0
233,0.15256153832030753,-3.8389941380727475,2.163630924083447,-2.882581136891216,-6.317224083253559,-2.882581136891216,-0.6992616949637456,3.1963872118289482,-3.5170069837729887,4
234,-1.8074808351761575,-2.6004099763777164,5.7240808376147925,-3.5483223683189227,1.434897064996091,-3.5483223683189227,0.7143298209501416,-2.573675151187969,3.474738928980819,2
235,-2.1004401437636373,-2.8068233250160053,-4.004759897608076,2.480977750640802,1.8136719335746927,2.480977750640802,-2.3632516702287285,-1.4256529767598936,-2.840006518889383,3
236,-1.310519676226488,-3.9280026384415327,0.7655748502767552,1.341530761386096,7.3271459207531775,1.341530761386096,-1.9170540272532663,-4.956054590966975,3.096039941014961,2
237,-0.3498378032699704,-3.61486656292412,5.978052343296855,-3.6173820385358724,1.4402875358371612,-3.6173820385358724,-1.3525756757458685,-2.5764401438250633,3.2926500476656626,2
238,0.7774537207912745,-1.333107430855484,-6.557300591359403,3.5567909479108786,1.6474976877379146,3.5567909479108786,0.46193792745481377,-1.5010732020649495,-4.216367409528585,3
239,-0.31878773579704855,-2.951340587423137,-0.494715370274899,-3.325007400333863,-7.203627850748234,-3.325007400333863,2.1715744720410837,1.354530516632869,-6.052173668510522,4
240,0.15802946558735104,-3.9844835305307162,-3.720475954123108,3.5522638579222954,4.124756404771568,3.5522638579222954,0.08613813688619269,-1.9487399716283034,-1.5871910303436814,3
241,2.3299472838027238,-3.4519004640674775,3.795106447484159,-2.4172001517295167,2.629791419109039,-2.4172001517295167,0.06987874515170388,-3.6319032176717165,,2
242,1.5339630987554052,4.385016303217746,-1.3046232037219423,,-6.192299340652373,-2.200122672176093,1.4137905943850007,2.116134237547313,-3.1409976955432026,0
243,0.7989697828801985,-1.998755852222295,-8.045959142389751,5.508071837861175,4.982204457760119,5.508071837861175,-0.07933219813085585,-3.0497935342402807,-3.5293588154552005,3
244,-0.2533181004671874,-4.61291474373108,2.993524618811539,-3.362468357944075,-6.7335456853587905,-3.362468357944075,,3.4599688213526942,-3.446093695473682,4
245,-0.09608326266666273,-5.748811100822324,-0.787243723719993,1.7355637737263594,-1.1955339695271567,1.7355637737263594,0.4592132331739856,2.7079398717196774,-2.8305698345361727,1
246,1.0753963621526004,-4.5562132868680845,-4.946010338508155,,6.833369642755574,5.022620233497845,0.453189435827586,-3.3994327760441863,-1.0932395445499328,3
247,-0.10678961488444903,4.524277891750449,0.6255395926850897,-3.7155393417346367,-8.691125801130738,-3.7155393417346367,-0.37232007132993805,3.811323014014906,-3.1031708980582886,0
248,-0.30046611838285037,-2.676963924762445,-0.4110561524835872,-2.331282850731256,-6.2892300678073525,-2.331282850731256,0.853442616693333,2.072274914150049,-5.112937176445816,0
249,0.4795659829831365,-2.838686118404895,-3.9816526882426153,0.9689768147107518,1.162886725242161,0.9689768147107518,0.7753245828224551,-3.0975042562980106,-3.6437878704487567,3
250,0.22618581138248248,-4.085759719817989,4.357206124782621,-3.446046601910559,-6.186807322827525,-3.446046601910559,,3.9246803218392876,-1.8360933065987939,4
251,1.5112335964798724,-3.0001731704729044,2.582457665610778,-1.3487762499203357,3.774047217669657,-1.3487762499203357,0.9363250398654486,-4.045029676404083,2.442275138426838,2
252,1.731188298134748,-2.524301936479894,2.167636624355881,0.6212782894152822,6.396909509931925,0.6212782894152822,0.24599717037749183,-3.89602489935736,4.158606694506496,2
253,1.3995222167313708,-5.153505365237477,-1.4322133982027863,3.069261131109391,-0.07787765748301267,3.069261131109391,0.2792000893695974,3.1967859495557764,-2.192287444424538,1
254,-0.7835109221563257,-2.6828432824596646,1.988122738487784,-2.6321886485695933,-5.867521186172036,-2.6321886485695933,1.7172457757388229,3.1027865599374254,-2.9380929917613368,4
255,-0.8640197878819904,-3.9374217164492196,5.074641315851219,-3.6149850083243913,1.9886899438455803,-3.6149850083243913,-0.31517332144509064,-3.8677774162470357,2.6488100295711274,2
256,-0.4337097320135524,4.69308676596824,1.24359088717811,-5.1706368603840955,-11.604646373125131,-5.1706368603840955,-0.885313586562785,4.96722473093888,-4.366620424819899,0
257,1.104811861257053,1.6610408198395126,0.5079957961349408,-2.4640635268829447,-5.912617127018726,-2.4640635268829447,0.05943875665791317,2.6263165267440067,-2.5514238215127456,0
258,-1.6211844198475,-2.2609718209134604,1.9644744766768014,-2.5796165658353734,-5.681970631976027,-2.5796165658353734,-1.4148458144008016,3.0196813838563257,-2.694659732817753,4
259,-0.11034359850050397,-1.8325351993139476,-4.44112252120357,0.6342663288905386,-0.44217426821444716,0.6342663288905386,,-2.294238567871552,-4.53352972996418,3
260,-0.00514019902364316,-3.9874174233152893,-1.8054397534534181,2.5302140315697614,-1.1543462358591272,2.5302140315697614,-2.791135566667357,3.2433714344426154,-2.76547935037562,1
261,-0.19717354236039195,-3.4429980097350494,1.4358336067909083,-1.9257867712216803,-5.857757650104908,-1.9257867712216803,0.5719030993209413,3.6726390663898325,-3.462211841812313,4
262,0.08047002489026343,-1.1463602169158507,-7.271539022903813,4.1125606786101,2.209565696748177,4.1125606786101,0.25992652000451505,-1.7540795153096245,-4.3137789347107045,3
263,1.3526095640967526,-3.99210798826699,-1.7248504016817585,3.914214133450775,,3.914214133450775,1.1010734298700633,2.6060861054329347,-0.885433988347267,1
264,-0.5393084304731784,-2.5725638289454573,-2.625811545198225,2.569833321801368,-2.5201642006479696,2.569833321801368,0.32259113107821813,,-3.576181500895262,1
265,-0.2989266146642468,-3.394510435838243,-5.175339236187809,3.1135126702173554,4.170312044125324,3.1135126702173554,0.8863353976488642,-3.777531266246581,-2.7502114130816913,3
266,-0.16685498431411788,-0.8586715843951103,3.2878655449868863,-2.2249611743607707,-4.452012370666001,-2.2249611743607707,-0.1831965212593717,3.5308224717846706,-0.32131439910983284,4
267,-0.66771106683869,-2.7384146176713537,-3.8679711793628044,3.8575571956048362,0.8794132639021686,3.8575571956048362,-1.2384582585322446,1.7419935752318503,-2.6782898622568996,1
268,0.30124425777648695,1.6102301913883952,1.7657069333704989,-3.729098831029864,-8.376171928906695,-3.729098831029864,-1.3036518823976417,4.118880495292294,-3.0673792018987074,0
269,,,8.192990892675237,-5.691825907194437,0.48598400580340195,-5.691825907194437,0.3229339476312092,-3.126685330777798,3.8094065943885784,3
270,0.24287404087451503,0.3603375999281373,3.6987380431492007,-4.483956408952328,-9.340229884837392,-4.483956408952328,-0.8842121172167411,5.338246810861302,-2.5705795157142455,0
271,1.1963684622800475,-1.5483634715639354,-6.313849022297976,2.8373089186604594,1.4785944452069246,2.8373089186604594,1.3405364721783481,-2.269366585011673,-4.406231195406055,3
272,-1.0314727019593894,,0.037375700864167055,-1.9880333431675976,-5.348229978171389,-1.9880333431675976,1.0492510337432055,2.611266297056952,-1.7735037490673982,0
273,0.6629546592021164,-3.0496551022614096,0.8603706386927237,-4.1599397326586285,-7.338316375973709,,-0.9083921462042794,,-5.257519039185002,4
274,0.6206622822821646,1.9115615850691552,0.6351385210348368,-4.162009357527541,-9.518934528966948,-4.162009357527541,0.026498956019502452,3.7111820909572195,-4.617771816855368,0
275,-0.5120687668089365,-2.519514554517899,2.2582455600731883,-4.11791370808072,-6.655498287989893,-4.11791370808072,-1.5103038638893949,1.8227763998053894,-3.5105754974002865,4
276,-0.54945249515512,-2.787657113774071,1.0177194444034587,-3.7080236876147517,-6.8613438270970635,-3.7080236876147517,-1.5007770307732016,1.6453129540313651,-4.646537859644778,4
277,0.39864537699010383,,4.149922709669247,-3.04318013363034,-5.580042994593988,-3.04318013363034,-1.1069041480967117,3.8984768152672005,-1.1049866378438207,4
278,-0.9941173662171916,-0.6163452430989125,-9.229416334264894,4.095780279648677,2.785983192775737,4.095780279648677,0.31871436897702754,-3.865592624675964,-5.543422409785977,3
279,0.3507623589781513,-0.9555460850068975,4.944633082128957,-3.039916369804281,1.2074202233897413,-3.039916369804281,0.19448248850807462,-2.0334998177962853,3.4803545378304466,2
280,-0.007450478747623983,3.748619471098931,0.5290658934978594,-2.9395761651404997,-7.099714968366023,-2.9395761651404997,1.3223119404244046,3.28029248232019,-2.467570076931144,0
281,-1.3616497998426744,-1.472014692920697,5.612699709985482,-4.55373366532095,-0.7682099323751903,,-0.8185222764314347,-1.9227237671189708,2.4261571369140427,2
282,0.38503427437427246,-2.706435525830048,3.080711089893719,-1.7042996856704828,2.745947997218968,-1.7042996856704828,-0.7018714109795311,-3.1482886133614945,2.3798582732692775,2
283,-1.335498232325784,-4.229369919688975,3.716641612097836,-3.9973958008774346,-6.822058555130516,-3.9973958008774346,0.29526896338635716,3.18021837921806,-2.9290554961167725,4
284,1.5669808199765058,-2.158641831756557,4.047932221816196,-3.9928719833507724,-6.04345698808717,,0.341758408835567,2.8691885566125874,-1.4936951005264476,4
285,0.5294942266932133,-0.8593765547014209,-0.19021851164813564,-1.946316870048099,-5.338971341945589,-1.946316870048099,,2.066507501380975,-3.660464087235337,4
286,-0.7296282787237859,-4.5982040627962135,4.530582791778651,-2.7911556562698356,-5.891989439555922,-2.7911556562698356,-0.6447242464338218,4.733785794138505,-1.5209398405881698,4
287,0.7410943533883625,-3.1984798989378453,-4.552012124026274,3.83787542402264,3.4570622813106517,3.83787542402264,-0.12592202306977748,-1.4359884178743576,-2.232113346814587,3
288,1.6720374882394748,-2.161083614512283,-2.2473285330087975,3.942528444179688,0.020822446687981166,3.942528444179688,-1.1238478570465626,4.0718864593865876,-1.43484389660111,1
289,0.4759865815732315,-2.88656338689743,2.506354905180703,-2.456767974922986,-5.6178100501177735,-2.456767974922986,0.8063913475894438,3.5202767200679617,-2.3893249192539563,4
290,-1.454306833517847,-4.553088376759303,-3.1527133025742007,2.0921142367566707,4.209977657111564,2.0921142367566707,-1.3776727649423992,-3.8862742027727117,-1.7559517462024123,3
291,-0.4846710734260731,1.416443465368081,0.05017102966967635,-2.1846557693088346,-5.589775154247557,-2.1846557693088346,1.1712873059073294,2.349165767632215,-2.7942174127215798,0
292,0.05788882614115859,,3.8913357286107906,-3.036995117305991,0.8023207117079874,-3.036995117305991,-0.06655285662308005,-2.635208483461333,1.6912751068338419,2
293,-0.5729163698851927,-4.612722920926939,-1.3590883586389255,2.260690915033182,-1.0484096179017288,2.260690915033182,0.2893670233750057,3.02072766634019,-2.6538855653131126,1
294,0.2273210698433127,-2.801993605775337,0.15536625775126844,-2.6660353224212012,-6.462147172523395,-2.6660353224212012,0.09608617119940208,2.1677340846738704,-4.862712002703008,4
295,-3.05396429338922,-3.5629525116325755,6.991790276020378,-4.1692096533117535,1.7395175818456026,-4.1692096533117535,-0.7375364422453105,-2.9116255614838087,4.1476446708637855,2
296,-0.3463636984271482,1.747197797483802,2.214121744050532,-4.775880097065449,-10.27339418062682,-4.775880097065449,0.46622621251276136,4.757552285454532,-3.873234518208121,0
297,0.6846623827684921,-2.2878820279156606,3.479503569814905,-2.227986938392043,2.067425727494234,-2.227986938392043,0.37551271676133186,-2.9260486729655053,2.3873836355817533,2
298,0.7981072443809191,-3.9540756272590025,-6.336046930003127,2.911248005313253,6.08832836421273,2.911248005313253,-1.0293802403485948,-6.9718009771203695,-3.1269883833201266,3
299,-0.8542411946782223,-1.6601116575248793,4.601600212677468,-2.2001944030489926,2.4102865182831983,,0.3972663243400208,-2.270493765685342,3.7667584075945886,2
300,0.881140379113195,-2.968375678949709,5.892454286296216,-3.893108729682468,1.3641528840736041,-3.893108729682468,-0.9954661054445106,-2.935119072838539,3.333751370238684,2
301,-0.47084385101180104,-5.530100058433693,-2.365169877627697,3.036016042172779,5.678163661663995,3.036016042172779,-0.7571198334729843,,-0.43261959489312884,3
302,-0.7956034660288781,-4.036461883650463,-0.5120213680021619,,-8.005839956016473,-3.9817173318267454,0.2483303221842817,1.0237699997403555,-7.073487311930741,4
303,-0.9874205342117197,-2.3687175561265046,2.070493593909734,-2.1336224218367246,-5.4230101986905686,-2.1336224218367246,0.43494659661381035,3.5255338913534198,-2.3722327598326713,4
304,0.9400544839679156,2.8467944050726937,0.7597445470805395,-3.5218188475227645,-8.191684514069614,-3.5218188475227645,0.2678212206257974,3.5669152503585657,-3.3172567344025086,0
305,0.1436610796260387,-4.056293528996977,-2.6014756080055013,3.7047841342148207,0.5858505181328586,3.7047841342148207,-0.7795597368524767,2.686762890320397,-2.2667094126600813,1
306,-0.7020511224211186,-4.147647567673662,5.337921296401435,-3.821760780685092,1.754949475314965,-3.821760780685092,-1.2908012180350472,-3.764123190317527,2.6183476740721052,2
307,0.9849392056275704,-4.4075543870904745,-2.5307347016773782,3.0191171033588438,,3.0191171033588438,0.04864587333163498,2.487175126841724,-2.9634651302139163,1
308,1.0437472973571433,-1.2354003996325407,3.4439759140930826,-1.5219982639023721,2.6263317117570866,-1.5219982639023721,0.5004216561704353,-2.322805334480581,3.25209578161171,2
309,-0.6056514929520456,-4.188156250438572,2.905048863503079,-3.8163634587960322,-6.920952717654473,-3.8163634587960322,,2.914077062060862,-3.60289700538688,4
310,0.26782775955405064,-2.6228204825741606,2.459954740648616,-1.8235412471704104,1.7852238830844924,-1.8235412471704104,0.634908958127793,-2.865943965095,1.3797948613284794,2
311,-1.2231922241534943,0.08588089293853063,-3.7938261950993173,3.0307856129274944,-3.1883524815558832,3.0307856129274944,-1.1348299324122468,4.824411553590993,-3.7499916117971246,1
312,-1.0851952890090182,-2.7055184694051757,-4.027336639000717,1.9052747426738654,1.29399771967006,1.9052747426738654,0.6759355726478957,-1.8068363918716541,-3.2590594199083984,3
313,-0.6790932854857032,-3.024710816215864,-4.099057563380441,1.2495988302253571,1.721493198642137,1.2495988302253571,0.23866396686759628,-3.329880844161675,-3.457853563061441,3
314,-0.6991039623601992,4.582164002139345,0.6194368736202361,-2.946319508364325,-7.100548031060585,-2.946319508364325,0.3904663463800036,3.4196086775178234,-2.078398406695083,0
315,-1.0969168288139615,-1.4751806897191564,-3.2387208783777632,1.7104045130165746,-3.974898665700329,1.7104045130165746,0.4034026630710446,3.866671091812843,-4.668445713564287,1
316,0.31418967710337053,,0.8303255366533222,-4.276301568011748,-9.243269116974865,-4.276301568011748,0.22731148074661645,3.6234578903019985,-3.512776621225016,0
317,0.704791530481842,-3.3352402145735516,4.959327092984637,-3.21732846993593,2.284340432681267,-3.21732846993593,0.27149593556879714,,3.0477859169782704,2
318,0.6568674245704792,4.10882470948649,-0.6284462557277095,-2.6910004767857023,-6.565001723250282,-2.6910004767857023,0.5176517104538191,2.2426543536398142,-2.999057081671498,0
319,0.5053446522974001,-3.8143477496389684,-3.206846351818883,2.582210351754525,-1.063125613457415,2.582210351754525,-1.3219197903853324,2.1308733914903564,-3.8537766695305904,1
320,-0.13043791016047268,,-0.1224978512635023,-3.3545521335440993,-8.336556923539096,-3.3545521335440993,0.676070469926057,3.298751806367844,-3.9563847736784483,0
321,0.3006713280926038,-3.7096305911045513,-3.737516530476877,,3.29321859751171,2.8719424153023194,0.8338199962974059,-2.161317554667186,-2.118454689470881,3
322,0.3352363578799988,-4.347121136949006,2.67402182939754,-3.5073962491530817,-6.790730418341883,-3.5073962491530817,0.37380015653716453,3.0626472861177274,-3.6982165415338866,4
323,0.9159732893861123,-4.952788539020723,1.8177164360524967,-3.3767902993567427,-7.177857597194204,-3.3767902993567427,-0.3131944902142026,2.9096087004950837,-4.807156399431698,4
324,1.0797722756605062,-5.226513572051636,6.065711520707747,-4.022531029567308,2.222903648614482,-4.022531029567308,2.2605554854077106,-4.057359723920904,2.9971375861978258,2
325,-1.8837529847721464,-4.734236982561734,1.5847733408477187,-0.5886800737609996,5.334876767442772,-0.5886800737609996,0.2666700956090019,-5.377512366009311,1.9170280294750934,2
326,-1.5480150884429693,-1.8736330471219316,3.4429418867372426,,1.5575256916077,-1.932299093423511,0.6556798438873184,-1.954404207785462,2.3691453052058535,2
327,0.03112032706987185,-2.7077633021844862,5.185685277969293,-2.2263030787641207,3.1336305475820656,-2.2263030787641207,-0.9993530352303772,-2.6595337405873876,4.211769894559004,2
328,-0.577906809413244,-3.9042065643973527,5.952891243801323,-3.7384473442097725,1.6573991188648196,-3.7384473442097725,,-3.025596904604897,3.224262337351412,2
329,-1.1340520403462548,-3.0570767573442366,-3.7697278760181203,2.6907170434069365,-1.7100792087125836,2.6907170434069365,-0.9501380080905465,,-4.326065929714309,1
330,0.9182034080949504,-0.670400265793555,1.2840135809375495,-2.8114798323679797,-5.391425504553997,-2.8114798323679797,0.9850250754173873,1.9769721005355443,-2.625759213848375,4
331,-0.24966734226988604,-4.4585506731193805,5.775249410447533,-4.226183847704569,,-4.226183847704569,-0.4818005150690094,-3.762123632332602,2.599732297578896,2
332,-0.8589280951847718,3.502665524103648,2.0373293690075105,-2.6096123621073826,-6.230556958073998,-2.6096123621073826,0.15413429020618555,4.107228343971879,-0.7328465177540942,0
333,-1.424766674121916,4.505706237028952,-0.6540894797370107,-2.2513048031382072,-6.033664376240461,-2.2513048031382072,0.186282453849052,2.4097753330359466,-2.4742215942729944,0
334,-1.2549352919663666,-3.2011383187152425,3.932630056433411,-2.613962119479528,1.761958243208086,-2.613962119479528,-0.7912280230918376,-2.9410410078472244,2.1632542769861716,2
335,-1.0749838867901504,-0.8763013701696534,-2.831332499231532,2.196206308361643,-3.7456061120988693,2.196206308361643,0.8008773283626847,4.768967841896728,-3.81993256765383,1
336,-0.4003659898160474,2.626195819998224,1.8940962853391508,-4.295540618652311,-9.664163567663643,-4.295540618652311,-1.3970493443455196,4.719600920710602,-3.3716657727695454,0
337,-0.14246768084600547,2.468765069400695,-0.7505014155544367,-0.7692096874174941,-2.2828149679193306,-0.7692096874174941,-0.9715466420077229,0.7082021945139698,-1.056889602523299,0
338,-0.6668019056369445,-3.429948379849469,3.87075486846531,-2.5941337325068847,2.3943635368400127,-2.5941337325068847,0.6963166188137647,-3.6088283659520908,2.329102410472223,2
339,0.781838517203758,-5.095280508426037,6.841255680071947,-5.412444188317757,1.0280712819020814,-5.412444188317757,2.272006284848168,-4.385220550633944,2.690018972506526,2
340,-0.09730618762146163,-1.897395970854301,3.9837372605425454,-2.917207255497579,-5.183653767444131,-2.917207255497579,0.056628679662842955,3.6484290592340525,,4
341,-0.939789040916608,-2.0993256455584826,1.4587224889045545,-2.518430897349318,-5.744533702369863,-2.518430897349318,-1.6878608716719823,2.787611054928373,-3.0810870327542204,4
342,0.26332497690602813,-0.1546713593240545,-2.9800506687156147,1.2820543728084015,-5.662021707378993,1.2820543728084015,-1.2388506490714972,5.20883176118723,-4.887925415881833,1
343,,3.5788608502456176,1.25414004431041,-3.6650748536279916,-8.390566657433183,-3.6650748536279916,,4.005198709268988,-2.755433161802019,0
344,0.310995174465974,-1.925968795819212,-2.840091590827153,3.3367801362947103,-1.934641421633732,3.3367801362947103,0.35964758916978723,4.627393232076107,-2.9860644347067304,1
345,0.7998525105678749,-5.6649303270782285,-4.9721893428718404,5.2432082729815015,9.108107971179042,5.2432082729815015,-1.8636614615798415,-5.4407053435094,-0.38427571048119225,3
346,-0.25730701103834946,,6.5394671512248985,-3.599997399074624,2.8053522558673674,,0.9501621996383122,,4.128748479098883,2
347,-0.7789298783887502,-3.9996303315065314,2.441380391675483,-0.23458715566905175,6.698204306480675,-0.23458715566905175,0.6842340677249843,-5.4336057704344825,3.6977550622285404,2
348,-2.5576712415989564,-3.8528254431541322,-5.358799257320385,2.8451229931001607,5.017600236378303,2.8451229931001607,0.8023099063042339,-5.2216566524356,-2.770559036809236,3
349,,-1.7943547736184138,-5.242868358561182,2.82714767168686,1.1516705220047034,,2.095307350001839,-1.1286116271394688,-3.7290175550630713,3
350,-0.5069377660515573,-3.261608503223976,1.302654109302237,-3.7349076561516457,-7.00333762309908,-3.7349076561516457,-0.8009905237701059,1.9284841561754307,-4.654090456684115,4
351,-0.8082930871149944,2.2252323082543164,0.34752732028675337,-2.120020873410424,-5.874813482785203,-2.120020873410424,-1.3234216410323747,3.043705813385448,-2.34559574908201,0
352,0.0376439388373916,-3.485466936991627,7.187915717105052,-4.906300276020515,0.1738002564174561,-4.906300276020515,-0.15549326255768733,-2.3309280619198525,3.3608480423188114,2
353,0.44141172042159166,-1.0768837047251794,4.335688050399229,-3.684933311567405,-0.975930901036395,-3.684933311567405,-0.240247478573651,-1.3580697128160506,1.6602351709343932,2
354,0.185412815561111,-3.012381965200845,,-3.386650989750989,-6.572592008712044,-3.386650989750989,-1.9912966632926739,2.2439725314415275,-4.042221127447685,4
355,0.2723791724101748,2.157161165233987,-0.3518829481724986,-2.4751407872082036,-6.178909209704898,,-1.5474125502334497,2.2332847788510843,-3.2391592852687032,0
356,-1.1022979230214298,-1.9584979530082285,-5.455394139764573,2.2277334131672517,1.4136847528601124,2.2277334131672517,-0.5738698897454049,-2.4985681820053065,-4.0509002870615465,3
357,-3.1004174583487227,-4.46202052554082,6.58345179568107,-3.757351442662243,3.494475095180534,-3.757351442662243,0.9655863559903861,-4.427180809431617,4.4225730945727655,2
358,-0.7336893019560766,-1.4185987836878127,-3.4715440141030838,4.85141524569469,1.0143905092278471,4.85141524569469,0.22783279127086153,3.5797216686687556,-1.4432390434199538,1
359,-1.3028900065277331,-4.369698361544804,-3.7683219912604167,2.7535171862541823,4.565370714553387,2.7535171862541823,-0.5939325323139817,-3.6926526824778105,-1.8316511977906154,3
360,-1.7938317253910157,-2.4245129895724995,-4.433934527944135,3.4667480001975237,1.9261773091985552,3.4667480001975237,-1.723014779429138,-0.32317309861913746,-2.686025271541859,3
361,0.7555163349733254,-3.429402194434467,-1.9701473958109994,2.1660749719596843,-1.5331678185501874,2.1660749719596843,,2.9775232902444317,-2.9987246989787395,1
362,-0.4301335815596186,-2.5216090691566313,-3.4503152409472078,2.3772757801868787,-1.9581194301051208,2.3772757801868787,0.36259798903541224,2.6281123096446954,,1
363,-0.48911599866862254,0.6054416666488027,-5.228634265955035,2.7035294975653748,-3.5693674195667295,2.7035294975653748,-0.9383333491702049,3.600770181836902,-5.08655687014228,1
364,-0.49123907298109076,-3.9994280728899776,-5.06306248677226,4.346083932563226,5.664633376857976,4.346083932563226,-0.12850481447242965,-3.3251700511276088,-1.763190513339501,3
365,0.6534437569173075,-1.895553557500953,-2.716266538751547,3.5032059733594885,-1.2520606494447235,3.5032059733594885,-1.2595630530875663,4.30807886445369,-2.489258862451443,1
366,0.5975331984066641,4.414081758450067,-1.272857190802375,-1.4774325453633685,-4.188381878907369,-1.4774325453633685,,1.269744146083716,-1.9144235622875168,0
367,,3.7320078756533923,-0.07465401133519987,-2.2458575019349594,-6.013586354527988,-2.2458575019349594,-0.8283096326397836,2.7892694234987196,-2.252054577274191,0
368,-0.20652809146637494,-4.298216465074328,-2.7371569357083656,3.601241204094471,0.7934098859086235,3.601241204094471,-2.499500049785232,2.1903238220275663,-2.4116613994660545,1
369,0.732819079865523,-3.4943182321702757,-2.555674403421505,1.7984289913542562,-3.695706561751426,1.7984289913542562,0.22634191619848018,4.084250113504623,-4.675001939480304,1
370,-0.6558338527985936,-0.7577761705846653,-3.096908175172123,3.063508598304975,-2.607608611833147,3.063508598304975,0.582012637789168,4.776580896050679,-3.178293856655961,1
371,-0.2331027490892484,3.0038420368886296,-0.8521758496876299,-2.5561877649177704,-6.348487663614708,-2.5561877649177704,1.7080498192377873,1.9554272315551633,-3.4611936382023685,0
372,0.16149739260536775,-5.144115067147857,-1.8992642120785797,4.0737011961703,1.6375617133858797,4.0737011961703,-0.5988102138051619,2.6718819678030403,-1.4475584912914514,1
373,-1.283465244338468,-2.75690768090444,7.642278630079413,-4.035237678509264,2.117232370168493,-4.035237678509264,0.06548248904316528,-2.486655926645388,5.237468384035021,2
374,-1.7458983181242786,-3.3464436603072407,-3.429224756820173,3.525094488013325,-0.5150915448412776,3.525094488013325,0.6664935961297155,2.907588398747046,-3.29693507422755,1
375,0.07283017632024431,-3.179845460607402,1.9806797288145086,-2.4527282745377423,-5.861230829599903,-2.4527282745377423,-0.8410612776264677,3.3217837017152787,-3.068667235484952,4
376,-0.63086400167598,-3.513356830989065,1.629224089866766,-3.9480977013230794,-7.10680138911518,-3.9480977013230794,1.765780544756211,1.9395522241157725,,4
377,-0.9830285558093262,-1.525156782714975,-5.306190147941085,3.080938430766009,0.8296781584574682,3.080938430766009,0.7663472431013489,-0.4429245168238021,-3.7501557843591735,3
378,-0.4411001389182754,-3.665637978496564,-3.9141437950597515,3.212652159459821,3.632423697847513,3.212652159459821,-1.5289256286765491,-2.1091642425896966,-1.9809542976580874,3
379,-2.0791785630463324,1.5189370170542909,1.6367740252887852,-2.935640240985723,-7.3074961606650515,,-0.5944019695851525,4.171049754656878,-2.4436978219698893,0
380,-1.996678319788046,4.4266977682337405,,-2.6403401713372956,-6.531321674140878,-2.6403401713372956,0.6659396429897703,2.3971711042598516,-2.7592975022262154,0
381,-0.5526391483021169,-0.995146992037748,-3.454005209168307,3.106936796852664,-1.7959662850114793,3.106936796852664,-0.34480141170209516,3.730912280586429,-3.178793299756025,1
382,0.7601584712765943,2.841578354178464,1.5613626167033383,-4.24247528298814,-9.390468478491485,-4.24247528298814,-1.648614112440844,4.284106633387303,-3.431798096894779,0
383,0.7799522582601031,-3.005640800633747,,-1.8077689854771972,-5.991136281771257,-1.8077689854771972,-0.6505745788657011,2.8497283371721953,-4.600012469558074,4
384,0.8423127041005223,-3.5663149457164436,-2.3510272279104627,,-2.4945210014153725,1.5996661582325893,0.7733864277865555,2.7414264978322596,-4.023386780035393,1
385,0.9920635419606928,-2.987964051405029,2.2114309435706847,,-7.612023519725364,-5.164005901822059,1.6170734513917349,1.0775573843826702,-4.528273588946813,4
386,0.7916889007948987,-2.272443575818751,2.6527659306452094,-2.8429696616981017,-5.69687995622973,-2.8429696616981017,1.0177789494114347,3.1761373991743556,-2.197670349861884,4
387,-0.3098088983211241,-3.975897806042347,1.1178425029115422,-2.276750426131311,-6.364398990475291,-2.276750426131311,0.5816965681714985,3.331240377707586,-4.294592323771294,4
388,1.0261907530061702,-3.4532121201610173,5.143792177555344,-4.023644459902862,-0.15495254566772276,-4.023644459902862,0.16379420759706556,-2.27018537376349,1.741400231881358,2
389,0.1762413610859698,,-0.04937247091166619,-2.9245202069356644,-6.473344267953008,-2.9245202069356644,-0.6606214374547131,2.287828194987638,-2.390885199670103,0
390,-0.5739950692780971,-3.033106260396189,-5.783151510698008,3.288468806162006,4.053723906301406,3.288468806162006,-0.8127112672237549,-3.8433957556619327,-3.1374945060537383,3
391,0.7673872116040666,3.933243661972773,-0.31339543344545345,-2.120382612278502,-5.7261473586021285,-2.120382612278502,1.17294876338235,2.5255699278058192,,0
392,-1.1444501284056865,-4.62464156562099,-0.6634640230200635,2.4974483538001744,-0.6126315605931782,2.4974483538001744,,3.507331156235943,-1.7709236787504277,1
393,-0.7009860367807607,-2.8488135853406686,0.8887931355598871,-3.64597367038306,-6.976054971903106,-3.64597367038306,,1.746480996608613,-4.814737378805934,4
394,-0.5285937626977883,-0.9762340748300966,-0.1371165448929097,-1.1894303899810976,-4.912474953850343,-1.1894303899810976,1.4857801039144785,2.8427621289804694,-3.204438836443745,4
395,-0.23271021847140033,-2.880492378624888,-2.5140217081045346,1.4411349366724941,-3.136276135563943,1.4411349366724941,,3.0671224543875493,-4.262778312075957,1
396,1.9560713298337884,-4.300758345139416,5.946566068191802,-4.2534938865556295,1.1862019530004508,-4.2534938865556295,-1.5033372151374524,-3.3942019383170363,2.6751570251863095,2
397,0.48878980577013453,4.723083189733581,-0.14555069414123162,-2.6362698240306157,-6.666454364216229,-2.6362698240306157,0.10466063311483996,2.8697295231132394,-2.3794340228849635,0
398,0.2667526543363601,-2.7148304026162493,-4.650107747315492,2.2081687684302755,2.056808327809927,2.2081687684302755,-0.3370615493216354,-2.5945293319953144,-3.3404445333732067,0
399,0.8495120571181388,-3.0242279216668493,-2.1555554824492953,2.0867405818904894,-1.7140889736485991,2.0867405818904894,-1.220198885359471,2.9241272339485125,-3.118878972934887,1
400,-0.753060878597666,,0.9024941629822153,-3.97605787362283,-9.179847485531917,-3.97605787362283,0.4874620085849903,4.131257262033637,-3.116785915485094,0
401,-0.47596595803365577,-2.4420470378815606,-4.784992486953167,3.0598186802461784,1.9936046275911976,3.0598186802461784,-1.3235013549825982,-1.2998658180500275,-3.100530963050376,3
402,0.36780851656971575,-2.860925527672975,2.1893549601052,-1.6742563445158347,-5.1350662393381565,-1.6742563445158347,-0.41288840883487804,3.998071016521093,-2.165139836274034,4
403,0.005384028054472443,-2.538495518107049,5.928849585697364,-3.563278899568653,1.8368306491458477,-3.563278899568653,0.12464724524059273,-2.8267761067703954,3.8603719995349364,2
404,0.07162415778226756,-2.0259513353896104,4.3911301167702845,-2.7553479764290696,1.2718028323424604,-2.7553479764290696,1.312262470598347,-2.1984685353625952,2.7236240069462996,2
405,,4.194667233045783,0.8157100984950938,-3.397460991022224,-8.35230013881115,-3.397460991022224,1.8182215040581835,4.0871553838945855,-2.7962200076816823,0
406,-0.4856833816437592,-2.403487467011779,-4.091816927195714,2.2168532675539296,1.0150062104629565,2.2168532675539296,-0.8031783211756461,-1.072559438979058,-3.2292560009070184,3
407,0.5073755517450675,-3.087747867699576,2.601470940814762,-2.3614412078589377,2.103456994516213,-2.3614412078589377,0.36002971172188164,-3.942022694456887,1.298516415149757,2
408,0.7412947685198534,-4.487093321341918,-2.622467966092577,2.8233174157802297,-0.555286104122954,2.8233174157802297,-1.0959674529391135,2.402997832293848,-3.2802331425604514,1
409,1.5230074864315108,-3.3600516929968514,2.32940703733979,-1.8040151005530582,2.64979693378393,-1.8040151005530582,0.6869331198152966,-3.8663579123355394,1.4045482876560356,2
410,1.0357056087340324,-2.6471395404111924,2.7593619501092634,-2.0477056519369023,2.278451685932037,-2.0477056519369023,-1.2350539327744887,-3.4650126676969233,1.7883453630625192,2
411,-0.5274751186913924,1.7342311595949487,0.5038865345202452,-3.1463828877772255,-7.5312691772626135,-3.1463828877772255,1.732970069247406,3.1839530351793686,-3.52002619786819,0
412,0.6382797089474955,-6.115396291876518,-1.6783987914642495,3.2272793081923616,6.180495996279337,3.2272793081923616,0.7321463393416289,-3.0585806077886364,0.24328218341112606,3
413,0.6088824283112149,-5.826536777818013,-0.1176727879478876,1.2628051480254305,-1.8571576984758686,1.2628051480254305,-0.6461096449471483,3.162320393070435,-2.7502100318296145,1
414,0.6794810527565435,-3.1173063267329004,-5.034744623126163,,3.4427270735320024,2.939641252689821,-0.01993281601545219,-3.1857131059436945,-2.926028005255682,3
415,2.315096483275175,-2.666951333127784,3.572890353847326,-1.9259965499254061,-4.889227203548282,-1.9259965499254061,0.9060545820376645,4.487170590753763,-0.8615634257145404,4
416,0.3179413633140565,-4.333683604850606,-4.405724733525119,6.402841880830863,5.389550632946337,6.402841880830863,-0.5609618354308871,0.615928792333615,-0.7636761898895958,1
417,-0.867119343725321,-3.0365339888179235,-2.626869690114761,2.7029323603151907,-0.9698654338265693,2.7029323603151907,0.6846198810714169,2.758982059779583,-2.9745087760415356,1
418,-0.9068678389022633,-2.280477946629988,-3.0372990186666846,,0.7376263413881141,4.117766867925194,-0.3507924051356605,2.989316400163602,-1.7667744068355116,1
419,-0.5183227006084818,6.026894476482623,1.098745332436147,-4.776004037207779,-10.854997056454607,-4.776004037207779,-0.29722748258667586,4.839239178227055,-3.50445494016962,0
420,-1.948055880080015,-2.2754154301841267,7.044476904728662,-4.372524539072065,0.5865933641595715,-4.372524539072065,-1.895840471134556,-1.919967895029011,4.064872902930253,2
421,,-4.639857784830573,4.937751941005267,-4.174416984070811,-6.807277881980344,-4.174416984070811,-0.18974521521831753,3.8287835062069986,-2.077823431684057,4
422,0.2748753393155522,-2.313344919947227,-3.0350599924824038,3.303626209396264,-0.33010083260482603,3.303626209396264,0.3436325683846605,2.7917639320194776,-2.553345423943185,1
423,-1.0363149926189081,,-5.215127565786887,4.203007572862154,5.346323566749451,4.203007572862154,-0.14180452782809386,-3.330034434940594,-2.006447270368225,3
424,-0.7807766165468235,-2.0398111073766656,5.228031361503089,-4.06362768413699,-0.6086193691411839,-4.06362768413699,1.0708265234705514,-1.6840025443928652,2.1182638267363214,2
425,-0.48598565608543154,3.8539040437516734,-1.199684772951736,-2.2748021998812074,-6.000645706489131,-2.2748021998812074,1.9888397203362624,1.8453710241654604,-3.1842036515227137,0
426,-0.8599145021064978,2.5574302896186074,-1.408685394653237,-1.6357017276421821,-5.204786575110698,-1.6357017276421821,,1.7552888345448927,-3.2636215989965054,0
427,0.7984374676168103,-2.884157517307377,5.222711195953433,,3.2689405771187783,-2.7472279282476024,-0.7016715417618206,,4.067722327304351,2
428,0.5509279303503756,-3.2316854862495,-2.9488408010765297,1.3556085067172128,1.2660195561134526,1.3556085067172128,0.7752804382461856,-1.81537796307417,-2.7193481886895463,3
429,0.1316282617592771,-3.2385437405986868,-4.06866205173607,2.684228215831496,2.69888770211638,2.684228215831496,,-2.081693626090524,-2.571583570028381,3
430,-1.9494401570031883,-4.360089620422466,6.598764383118177,-4.080167842064855,2.293141489987543,-4.080167842064855,-0.7956956530829327,-3.7109356508370888,,2
431,-1.1598864887777096,-4.476711196243581,-1.1653036464630944,2.1231914745929426,-1.0794625493668146,2.1231914745929426,0.2971802700505726,3.0064939654262446,-2.495405374289821,1
432,-0.3396929255496831,-3.3815178512111355,1.8427912985604125,-3.321426490990089,-6.638852670510647,-3.321426490990089,-0.03883974143629194,2.624619155317922,-3.921188252762549,4
433,0.06877495713676844,0.8065604039542293,2.3444616139384316,-5.620246312232984,-11.807734400185842,-5.620246312232984,-1.1906715193089774,4.995244617923614,-5.120924186431958,0
434,1.2792839129062947,-2.5296630954539485,-4.824915486639327,1.4742207697038054,1.5444820014564964,1.4742207697038054,1.969447047568658,-3.340967500008709,-3.90910914211355,3
435,-1.4091389519602868,-2.9691215410794656,1.292580202137132,-1.2628317823515576,3.034540375922834,-1.2628317823515576,,-4.2043694748242775,1.0158508170547216,2
436,-1.9802755759675197,-3.791813387015372,5.715460136073007,-3.8655603396333063,1.2135083524582972,-3.8655603396333063,-0.3539042990362633,-2.960098563140336,2.8086958233167394,2
437,-0.7787685445979439,-3.2750097060102465,3.246729299396313,-3.248541267579788,-6.214593146595166,-3.248541267579788,-0.3472520465018292,3.445787651451143,-2.440255245133037,4
438,-1.7420517771421544,-1.635599870928936,-4.036093597748152,4.001133104934613,-1.1429431612350498,4.001133104934613,1.221702205196534,3.939129793183102,-3.317044136544938,1
439,1.7774262319137273,-5.028836487398131,-0.5783367383189293,1.7966054524380695,2.5912593147920826,1.7966054524380695,-0.7737517593464395,-0.7249127291253945,-0.5686758099043954,3
440,-0.2868182836803673,-4.4212256836828825,-5.269405352459642,4.614358883457054,6.805403162984167,4.614358883457054,-2.1893636377899717,-4.2473381044241405,-1.4719441342664004,3
441,-0.697922653418774,-3.4455591443192306,2.1019115781495192,-2.714139822114096,-6.2100807414844565,-2.714139822114096,-0.2722690771467164,3.3369676016601266,-3.3156635429310564,4
442,0.49882356802552874,-2.2085924131752046,-6.657541147420235,1.9281061827314998,2.7342765848543125,1.9281061827314998,1.601783927513536,-5.254445159859769,-4.661995630243614,3
443,,2.2295785085512656,0.8024647897728712,-3.079600866671076,-7.808078636791756,-3.079600866671076,0.9239668364612568,3.845733908792922,-3.183641885548291,0
444,1.7045231450503235,-4.08163542850518,-2.245498298717054,3.6572453697085896,1.0283345387729086,3.6572453697085896,-0.7447602008915913,2.4557150682592495,-1.7746261169410515,1
445,1.3197036665314774,-3.261825603034063,-1.7435778771268846,2.261699153663058,-2.0889613026430442,2.261699153663058,-0.6631868532760036,3.873183295885572,-2.970242178076645,1
446,0.3869661430778982,-4.21586400289047,5.888150516205275,-5.079182255057525,-6.958932732025733,-5.079182255057525,,3.3803391189266923,-1.4685361654470745,4
447,-0.0002498625498764711,3.756542427863712,-1.179827774731853,-3.422880782480714,-7.890778979240004,-3.422880782480714,-0.8461004388659716,1.9571527614568025,-4.479834817991614,0
448,0.10653438954366096,3.7198039015090743,-0.15035146197636828,-3.890655062215195,-8.911224377237167,-3.890655062215195,1.2787800454707166,3.0664423678845134,-4.240249177818131,0
449,-1.311560774931682,-3.8730034907762465,,-4.1751588737572956,-8.008886980918572,-4.1751588737572956,0.14482549356602997,0.7830509232062739,-7.034805221661476,4
450,0.3451490735834986,-2.3275685959726324,1.3059489436980551,-2.6783359109797438,-5.876901027957974,-2.6783359109797438,-0.9323471114964839,2.529336637206736,-3.415155046425902,4
451,1.223901704876253,-2.680888761173465,3.9954160313649423,-3.4238378598444967,-5.699279321348171,-3.4238378598444967,-0.299654926609115,3.315643537043307,-1.3831923601346343,4
452,1.4796168224380868,-1.6752941602986078,,-2.473490448419694,0.9284904241151906,-2.473490448419694,1.0543856589481069,,1.6756428397933851,2
453,-0.3626403992228064,0.3584445814660766,-4.440620617333293,1.806076526156748,-5.901704469904672,1.806076526156748,2.00200579273288,5.137526730590695,-5.8985433903426525,1
454,1.418229856777491,-5.025028047881587,-4.405335479335025,3.115855956903869,6.536014607260592,3.115855956903869,0.9558602822098978,-5.658791194908168,-1.5776841862526787,3
455,-0.2004252260120502,-2.1162514668699184,-3.4373787935017788,3.1229857676081783,-2.03977381871542,3.1229857676081783,-0.19092412474865642,3.907747386986601,-3.6959755448466325,1
456,0.17746381913927228,-2.506041382455994,5.9290119082067285,-3.3802269611189657,1.8685223397615043,-3.3802269611189657,-0.49533071273728724,,3.948743584248463,2
457,0.4567439431456204,-4.160039226843608,2.391683960005964,-2.4848085633102706,-6.204998916100439,-2.4848085633102706,0.025532532037026805,3.851230605896582,-3.2545441993361672,4
458,-0.5528703891686197,-6.019984593678807,-1.724527183259975,2.829365511886673,1.2698968898875704,2.829365511886673,-0.7188084150588537,1.1752296278319845,-2.2144019388439733,1
459,-0.38594877134650923,-0.7021018277563256,-0.5770892507559675,-1.1616689304539007,-4.86331868550819,-1.1616689304539007,-1.1032690701000265,2.5110210447784818,-3.4499226253528925,4
460,0.4018793876340738,,-3.615189578832952,3.4309706292769087,5.078160185614785,3.4309706292769087,-0.8748866992797395,-3.053794109258685,,3
461,-0.8968274277914441,3.3017212650594123,-0.023941816426658852,-3.931492481083643,-9.334847673245314,-3.931492481083643,-1.3694736703866488,3.4863881861682167,-4.501856986454654,0
462,-0.45095478380820886,1.878050344441613,0.5419351100879982,-3.8390459168727262,-8.605862332558408,-3.8390459168727262,0.9232680379472741,3.225549045818761,-4.171854008023922,0
463,-0.5558955419842985,-1.0555058332591918,3.20246002165372,-1.8594820649224615,-4.377860056934412,,-0.9016729732019828,3.934980002619393,-0.31240088769139707,4
464,0.8437255649510195,,-4.132352330269653,1.610876158231781,-4.154599211051226,1.610876158231781,0.6277923282931099,3.268746937079288,-5.192183714304202,1
465,1.4857130514788357,-3.869783672607088,5.832749515530077,-4.0250715447513565,-6.130393993156901,-4.0250715447513565,-0.8908800844254063,4.172190098392994,-0.6432198444574215,4
466,-1.3939818577984764,2.062246469965603,-0.7248915365969475,-2.041716157818631,-5.662177921292811,,0.8436011953241702,2.082775596363836,-3.2091838753487023,0
467,1.4501373344434654,-3.793986875879586,-4.065295068975751,2.639453660787475,,2.639453660787475,0.3258643135278853,-3.2704621737623802,-2.2826534459326377,3
468,0.16083570993194668,-1.286855108134704,-8.880063426311185,3.8801029631052693,3.7950467755733803,3.8801029631052693,0.04225716327730218,-4.9834418712680435,-5.088043048669467,3
469,0.319129543464996,-3.224263787057674,-1.0269972251114456,3.0575203356655747,-1.341932843802653,3.0575203356655747,0.21924120659071422,4.9348417684445165,-1.716970327932264,1
470,1.4439906066330968,3.186936123744779,-0.34486528389491866,-3.098312493015379,-7.312546615662462,-3.098312493015379,1.316397864084106,2.497621927225516,-3.5893448382344713,0
471,0.5887101674876764,-2.7093068346529607,-6.074855111885479,3.7193080018622307,3.798654496454081,3.7193080018622307,-0.6350102965295226,-3.1280962653953526,-3.245238256424115,3
472,0.7230483646730503,-2.4354729786180656,6.339166615012661,-4.312958535977372,0.8555875668899875,-4.312958535977372,-0.326449329060085,-2.6726114626358273,3.5407514148258263,2
473,1.0253167502976437,-2.836655763841254,2.7778290036624473,-2.6797745279125214,-5.674057370338127,-2.6797745279125214,,3.453144233796941,-2.236363792695975,4
474,0.6503242930598274,2.970216328375983,0.09203775147642143,-1.7230969803970309,-4.635746359206486,-1.7230969803970309,-0.13849663318128466,2.2907670678250778,-1.5686725128976784,0
475,0.2296160349040793,3.0486911754061077,0.6956595352953416,-2.2587363357277237,-6.077554129803234,-2.2587363357277237,-0.7903310100606764,3.384551706083518,-1.876392729768116,0
476,-0.13568283012408097,2.908706285648237,-1.1124475547506485,-1.4777933504131187,-4.253196281727405,-1.4777933504131187,-1.193535787302504,1.3228384533805508,-2.3724831577519376,0
477,0.1816346895674296,-2.9662962643129482,3.682182808195777,-3.520911826329492,-6.025009749408089,-3.520911826329492,-1.4660780059944944,3.2130482717588436,-1.9481846843358597,4
478,0.045621150595533184,,,-2.8766144655051784,5.340792418804193,-2.8766144655051784,,-5.3056297368184735,4.6978074802213445,2
479,-0.6702257841879772,-3.2467866188113748,4.086176358284939,-3.1343929798238737,-5.7642650068873085,-3.1343929798238737,0.3386231960361886,3.8471625019673343,-1.45163083807962,4
480,0.9222834395545958,3.6000303028157523,1.2642382336399831,-3.998586553901386,-9.14496444812729,-3.998586553901386,0.8585288308048851,4.249554863658049,-3.2064988927680176,0
481,-0.20138306222428623,,-6.346177715102646,4.162817986063373,4.052291520202987,4.162817986063373,-0.9523545731325096,-2.901130764296064,-3.1683843801077867,3
482,-0.008602727022753106,-1.886277450058457,-6.842893126987466,4.632125205386512,3.418116056396931,,0.01407750431638442,-1.878403739452908,-3.4763509581919108,3
483,0.17945598781949595,-1.2299826648221814,2.8901150067313512,-2.156211673020678,-4.63363077509613,-2.156211673020678,,3.4657091350117253,-0.8684137008044268,4
484,1.4246584932791526,-3.1211337691010947,2.7540305497098356,-2.4599118165077556,2.1365673623116104,-2.4599118165077556,0.9685583709260611,-4.00822974876103,1.4009111443625142,2
485,0.07192941435870494,-1.1770160825040197,1.9742165225018617,-0.7457650343278095,4.220214217827433,-0.7457650343278095,0.9028708163006977,-3.8747117789476744,3.0131860720968695,2
486,-0.767863475323229,,-1.5972461200064871,0.9951904530446489,2.001559727481,0.9951904530446489,0.15556310812288282,-2.1285830524927065,-1.7498002583157761,3
487,-0.19524337998323152,-3.6279749742729543,-3.300213922193211,3.4619772796634276,3.0881788009140676,3.4619772796634276,-0.08132390997977008,-0.690669990423475,-1.6091052675932942,3
488,1.4359423981509905,-3.3242849614122654,-1.3757954575501383,1.888201997944496,-2.9273385749808414,1.888201997944496,0.4985746060150457,4.416889029274882,-3.195976915814906,1
489,0.3916343054982706,-2.283241329974918,-4.586462854757111,2.922017261090427,1.4773427425327503,2.922017261090427,1.80794742659225,-0.8268951821678878,-3.1587943379930996,3
490,-1.8193426803340715,2.484599458733224,-0.7293155215570284,-3.4294135098947183,,-3.4294135098947183,-0.003958985563338654,2.700914823284004,-4.813747957879618,0
491,0.8937149021562624,-4.985282911489929,6.819610320008292,-4.557175760114133,1.3706229961656289,-4.557175760114133,-0.26354802024291046,-3.4125133577049005,3.159765719797329,2
492,0.6986992335594739,-2.227983983520585,-2.715532763993217,3.3901604652261836,-1.0190262766201872,3.3901604652261836,-0.29341983236405894,3.87217941113151,-2.541225633357876,1
493,0.020911897454647797,-2.6046670342401894,-0.8091102756029269,-1.9243821388693774,-6.236606131556354,-1.9243821388693774,0.9642783650553647,2.3370845052648486,-5.269957350455434,4
494,0.9100907853652992,-1.4617206605237298,3.697003923729067,-2.2823969780161257,-4.649724190857759,-2.2823969780161257,-0.32459778224170793,3.9093688166760376,-0.30636882212557026,4
495,0.1489070888113219,-0.9867524729483832,-0.6900578055868138,-1.1482173830017242,-4.921019921825433,-1.1482173830017242,0.4794609676205292,2.472718743850353,-3.677629335149968,4
496,0.6207070142369215,-2.3137140323687384,3.113430805216445,-2.312888691493914,2.254154516438496,-2.312888691493914,-1.4827142978792909,-3.5369442335302184,2.1205281951767665,0
497,,-3.059105202702842,-4.651684224837414,2.210957725315236,2.849953879667333,2.210957725315236,-1.1546868311570921,-3.4107485715964283,-3.0955106529550798,3
498,-2.241000220163193,-4.503082007859151,-1.6854800621172896,3.0122699575017045,0.17157426808679666,3.0122699575017045,-0.01966717568397725,2.718990985111126,-2.068107620808731,1
499,0.436457674796711,2.975470424741077,-0.6256694046722224,-2.5833443465590324,-6.461470949414445,-2.5833443465590324,0.016754627743921384,2.203805747763562,,0
500,-0.27281063605197325,3.911736955635231,0.8063576007325078,-2.9760581336210956,-7.110928490131269,,0.41258191357586954,3.471387956975413,-2.18349865376376,0
501,1.6595763592728419,4.613567071790432,-0.5675736945032022,-2.4463505417731977,-5.726605728627058,-2.4463505417731977,-0.27525363032444194,1.8828240413739026,-2.278630492464826,0
502,0.2164962725880395,,-5.727074449715081,3.943132451549646,5.947667434728997,3.943132451549646,-0.7090420847381963,-4.752731850589534,-2.3179051562992354,3
503,-0.627015016479179,-0.76438030707348,-8.838937130280563,4.372858891322732,2.9105693863284934,4.372858891322732,0.7090002887416308,-3.2637646344295517,-5.109600939761645,3
504,1.5147560315623991,-4.03791259423147,-5.792306887080074,5.973760108031029,7.018963760360269,5.973760108031029,2.2105361655607343,-2.743245250621955,,3
505,-0.6566198357216347,-0.7517968514365911,-4.544436733286397,3.125001689923485,-1.9138892811995663,3.125001689923485,-1.2290545101484944,3.0283006551172664,-4.081462566757667,1
506,-0.15827037804583094,0.18252205581470893,,3.7685724278730555,1.7324860555668689,3.7685724278730555,-1.09022845015967,-3.6371160767222444,-6.26922209510129,3
507,,-2.0123684735659415,,-4.113410690247644,-5.889321840661346,-4.113410690247644,0.8581432451150582,2.8052456866735946,-1.1219562225222277,4
508,1.166857648619316,-1.0774037767932927,2.444115925416002,-0.9285768181001219,-3.9634760175178867,-0.9285768181001219,-0.8382245462784863,4.353168154193552,-0.47119635355907175,4
509,1.2273887037179623,-4.358894135549708,1.55665598964021,-6.1406364373626054,-8.951743689676164,-6.1406364373626054,-0.1189768942812374,0.25182569327219095,-6.569981770030586,4
510,-1.623377456725342,-3.2010135914701543,2.733104047816419,-1.7627084921134824,-5.194366761993505,-1.7627084921134824,0.005834536683838508,4.322939577964701,-1.8796115682358867,4
511,1.465843467306279,-0.6058049781224066,5.3311615189796955,-3.1480306240944764,0.5220514235043746,-3.1480306240944764,0.42838833188464104,-1.1792122325881027,3.5867241388294757,2
512,-0.5604014533914695,-3.429163200759422,4.625555937207305,-1.6822529668217616,4.47516987446528,-1.6822529668217616,1.8858242667147287,-3.6653084372020928,4.270739944621648,2
513,1.3267829700795304,-0.21327275892628617,1.149471983855409,-3.5934286623920917,-8.429726561687527,-3.5934286623920917,-0.9359943870813457,3.7217818207548987,-4.267120200684362,0
514,0.1966211785284079,-4.295711670001942,1.7605076075155202,-4.656831799283214,-7.864802959761128,-4.656831799283214,,1.6310477408155155,,4
515,-0.8957611719520607,4.7013587301245785,-1.3568696405655178,-3.4873162975551257,-8.458780391330016,-3.4873162975551257,0.5508223393823499,2.367491098753899,-4.567735268064414,0
516,-0.6563399500025112,0.39309400001165784,1.358734464137995,-3.768526860719115,-8.262703547592949,-3.768526860719115,1.5118741020315207,3.508524432433129,-3.8372305208150768,0
517,-0.42264335742383063,-2.668605912475214,-4.979543474065204,2.614452461803453,2.3105208243248003,2.614452461803453,,-2.4779961581530383,-3.3530011703431826,3
518,1.8873818882040112,-3.1708048555174813,1.5990853080027363,-2.983968013512329,-6.3154023257673355,-2.983968013512329,-0.12322046266939997,2.6492391354626363,-3.7876078046498343,4
519,1.5343929072610898,-3.834148861794397,4.465021520116544,-2.0393596585814704,3.311421771544236,-2.0393596585814704,-0.8055695546550685,-3.2263069691377804,3.3102378643589656,2
520,-0.7337962429757705,-5.085259957302492,-3.2651256237562807,4.103874079646927,5.9272901471813215,4.103874079646927,0.6496371985869764,-2.6253374187799743,-0.570945786535487,3
521,-0.8340709561661126,2.0444671437643187,1.5071709551046566,-3.443875253076712,-8.113581798803157,-3.443875253076712,-1.0818475723773577,4.132075461905957,-2.908749557512884,0
522,-0.5421464599422448,-0.9077105114355728,-4.2501201877806025,3.5186779040125273,,3.5186779040125273,0.02942906416884213,3.1418037661912668,-3.4137842873058473,1
523,-0.8522399192066318,-3.058800850404359,-5.483781469976331,3.0576237650800286,3.7113890515114507,3.0576237650800286,-2.089564894781199,-3.623265590251348,-3.1266376041278123,3
524,-0.16405013892064835,-2.4965795852862738,1.9192443861765365,-2.517528279947817,-5.661115273187665,,0.9532262519819851,3.0370038380971387,-2.7918980366931856,4
525,-1.4954969396496427,-0.9024237139605997,3.287312470320705,-3.437727595873376,-5.32183651273736,,1.0800726592643468,2.5183146677681174,-1.1537974245588307,4
526,-0.12290194918910556,-0.6817522409818508,6.886538450239271,-4.905443668260513,-2.4681536019492962,-4.905443668260513,-1.4355012739163278,0.3115520747614937,2.9060287093440516,2
527,-1.6530860506189728,-5.057350596801951,-2.466192295444821,2.2434838991849664,4.446363052144889,2.2434838991849664,-0.8429726310219583,-3.3860906065505207,-1.1887852924549343,3
528,1.2842919715695764,-1.7882223837144537,6.294998945687786,-4.194632129363479,0.5481535949774541,-4.194632129363479,-0.5558475309093536,-2.1603369048319374,3.640114087588557,2
529,0.5942916153885531,-4.557360431122431,-0.7468504217542322,0.7930031415059218,-3.1749847245959173,0.7930031415059218,-0.5693404967694335,3.360716606652235,-3.597304004909116,1
